muncode, statecode, school, name, inst, modalidad, especialidad, long, lat, minscore2010, minscore2011, minscore2012
2,9,1000,"PLANTEL 1, EL ROSARIO",0,2,"Inicio agosto del 2013",-99.19738054275513,19.511893366318592,52,52,52
7,9,2000,"PLANTEL 2, CIEN METROS ELISA ACUÑA ROSSETTI",0,2,"Inicio agosto del 2013",-99.14991150945048,19.50122107479185,60,59,62
8,9,3000,"PLANTEL 3, IZTACALCO",0,2,"Inicio agosto del 2013",-99.11126910139166,19.385526348950343,60,60,60
4,9,4000,"PLANTEL 4, CULHUACÁN LÁZARO CÁRDENAS",0,2,"Inicio agosto del 2013",-99.12017144652714,19.32404982213803,64,65,66
104,15,5000,"PLANTEL 5, SATÉLITE",0,2,"Inicio agosto del 2013",-99.23489153226319,19.527516736469135,56,56,58
9,9,6000,"PLANTEL 6, VICENTE GUERRERO",0,2,"Inicio agosto del 2013",-99.05542524337767,19.358488499027178,53,51,51
9,9,7000,"PLANTEL 7, IZTAPALAPA",0,2,"Inicio agosto del 2013",-99.0695219981476,19.378931397509287,51,49,50
5,9,8000,"PLANTEL 8, CUAJIMALPA",0,2,"Inicio agosto del 2013",-99.28483693195494,19.364205080304977,52,51,55
7,9,9000,"PLANTEL 9, ARAGÓN",0,2,"Inicio agosto del 2013",-99.064766896582,19.46786602083489,51,49,47
15,9,10000,"PLANTEL 10, AEROPUERTO",0,2,"Inicio agosto del 2013",-99.07526974112551,19.412114623081745,48,46,47
7,9,11000,"PLANTEL 11, NUEVA ATZACOALCO",0,2,"Inicio agosto del 2013",-99.0951478629517,19.504045894475432,45,43,41
58,15,12000,"PLANTEL 12, NEZAHUALCÓYOTL",0,2,"Inicio agosto del 2013",-98.98820883847213,19.40879041481274,31,31,31
16,9,13000,"PLANTEL 13, XOCHIMILCO TEPEPAN QUIRINO MENDOZA Y CORTÉS",0,2,"Inicio agosto del 2013",-99.12552637344669,19.26148767257672,64,66,69
12,9,14000,"PLANTEL 14, MILPA ALTA FIDENCIO VILLANUEVA ROJAS",0,2,"Inicio agosto del 2013",-99.02210242478418,19.191715435197985,56,58,58
10,9,15000,"PLANTEL 15, CONTRERAS",0,2,"Inicio agosto del 2013",-99.24451435591436,19.31043490025742,60,59,61
13,9,16000,"PLANTEL 16, TLÁHUAC MANUEL CHAVARRÍA CHAVARRÍA",0,2,"Inicio agosto del 2013",-99.00865154351801,19.289173267731975,56,55,53
4,9,17000,"PLANTEL 17, HUAYAMILPAS PEDREGAL",0,2,"Inicio agosto del 2013",-99.15267037780154,19.321644536711915,66,65,66
2,9,18000,"PLANTEL 18, TLILHUACA AZCAPOTZALCO",0,2,"Inicio agosto del 2013",-99.20790684232787,19.48794390759131,46,46,45
33,15,19000,"PLANTEL 19, ECATEPEC",0,2,"Inicio agosto del 2013",-99.02619102579501,19.55602978278078,52,50,52
3,9,20000,"PLANTEL 20, DEL VALLE MATÍAS ROMERO",0,2,"Inicio agosto del 2013",-99.16489687301635,19.38020048365366,75,77,79
1,9,101311,"CONALEP ÁLVARO OBREGÓN I",1,1,"Electromecánica industrial",-99.21714644934087,19.360441974406722,52,49,49
1,9,101314,"CONALEP ÁLVARO OBREGÓN I",1,1,"Hospitalidad turística",-99.21710353399658,19.36058368429529,46,41,47
1,9,101328,"CONALEP ÁLVARO OBREGÓN I",1,1,"Refrigeración y climatización",-99.21714644934082,19.36056344003304,31,38,41
1,9,101337,"CONALEP ÁLVARO OBREGÓN I",1,1,"Escenotecnia",-99.21710014343262,19.36078977057607,-,-,-
1,9,102303,"CONALEP ÁLVARO OBREGÓN II",1,1,"Asistente directivo",-99.21384444976815,19.35428596238039,31,32,35
1,9,102306,"CONALEP ÁLVARO OBREGÓN II",1,1,"Contabilidad",-99.21384444976815,19.35428596238039,37,44,42
1,9,102316,"CONALEP ÁLVARO OBREGÓN II",1,1,"Informática",-99.21408048416151,19.35418473713517,56,50,51
2,9,103301,"CONALEP AZCAPOTZALCO",1,1,"Administración",-99.1761804423279,19.48748321349349,31,31,31
2,9,103304,"CONALEP AZCAPOTZALCO",1,1,"Mantenimiento automotriz",-99.1761804423279,19.487543898851076,34,31,38
2,9,103333,"CONALEP AZCAPOTZALCO",1,1,"Seguridad e higiene y Protección civil",-99.1762877306885,19.487604584185927,32,31,34
2,9,104306,"CONALEP CENTRO MÉXICO-CANADÁ",1,1,"Contabilidad",-99.21514216945036,19.483902976602703,31,32,31
2,9,104316,"CONALEP CENTRO MÉXICO-CANADÁ",1,1,"Informática",-99.21524945781096,19.483923205505025,37,32,32
2,9,104317,"CONALEP CENTRO MÉXICO-CANADÁ",1,1,"Soporte y mantenimiento de equipo de cómputo",-99.21527091548307,19.483963663302077,31,31,31
4,9,105313,"CONALEP COYOACÁN",1,1,"Enfermería general",-99.10856669079897,19.325212926059557,65,69,73
4,9,105322,"CONALEP COYOACÁN",1,1,"Optometría",-99.10847013127443,19.325212926059557,49,49,61
4,9,105331,"CONALEP COYOACÁN",1,1,"Terapia respiratoria",-99.10849158894655,19.325212926059557,50,51,62
5,9,106303,"CONALEP SANTA FE",1,1,"Asistente directivo",-99.28427223399353,19.35084051598404,33,31,33
5,9,106316,"CONALEP SANTA FE",1,1,"Informática",-99.28424541190333,19.35084557735155,48,46,45
5,9,106322,"CONALEP SANTA FE",1,1,"Optometría",-99.2842400474853,19.35084051598404,41,39,37
5,9,106334,"CONALEP SANTA FE",1,1,"Expresión gráfica digital",-99.28423468306727,19.35084051598404,44,37,49
5,9,107302,"CONALEP EL ZARCO",1,1,"Alimentos y bebidas",-99.354111111111,19.294644444444,52,45,57
5,9,107306,"CONALEP EL ZARCO",1,1,"Contabilidad",-99.35415939087329,19.29463938133537,37,31,35
5,9,107325,"CONALEP EL ZARCO",1,1,"Producción y transformación de productos acuíco",-99.35405746693073,19.294644444443993,32,31,31
7,9,108310,"CONALEP ARAGÓN",1,1,"Electricidad industrial",-99.07109727580564,19.450932409779785,31,31,31
7,9,108312,"CONALEP ARAGÓN",1,1,"Mantenimiento de sistemas electrónicos",-99.071150919986,19.450932409779785,31,31,31
7,9,108316,"CONALEP ARAGÓN",1,1,"Informática",-99.07107581813358,19.45069972989776,46,42,43
7,9,108334,"CONALEP ARAGÓN",1,1,"Expresión gráfica digital",-99.07108654696964,19.451033574841798,49,49,40
7,9,109306,"CONALEP GUSTAVO A. MADERO I",1,1,"Contabilidad",-99.14373598039549,19.530855065556615,37,36,34
7,9,109316,"CONALEP GUSTAVO A. MADERO I",1,1,"Informática",-99.1439076417725,19.53182576816731,42,37,33
7,9,109322,"CONALEP GUSTAVO A. MADERO I",1,1,"Optometría",-99.14493761003422,19.53085506555663,37,44,42
7,9,110303,"CONALEP GUSTAVO A. MADERO II",1,1,"Asistente directivo",-99.08702366069951,19.505088748593273,35,32,31
7,9,110304,"CONALEP GUSTAVO A. MADERO II",1,1,"Mantenimiento automotriz",-99.08616535381475,19.50395607430267,46,45,45
7,9,110311,"CONALEP GUSTAVO A. MADERO II",1,1,"Electromecánica industrial",-99.08702366069951,19.507677688616152,31,31,31
7,9,110316,"CONALEP GUSTAVO A. MADERO II",1,1,"Informática",-99.08496372417608,19.504441507112688,45,47,43
7,9,111303,"CONALEP TICOMÁN",1,1,"Asistente directivo",-99.14630223995061,19.521634836281795,31,31,31
7,9,111310,"CONALEP TICOMÁN",1,1,"Electricidad industrial",-99.14643098598333,19.521574163712522,31,31,31
7,9,111327,"CONALEP TICOMÁN",1,1,"Química industrial",-99.14638807063909,19.521270800524434,31,31,31
7,9,111335,"CONALEP TICOMÁN",1,1,"Mecatrónica",-99.14630223995061,19.521634836281795,31,33,31
8,9,112303,"CONALEP IZTACALCO I",1,1,"Asistente directivo",-99.0662235326019,19.40320542274418,31,31,31
8,9,112311,"CONALEP IZTACALCO I",1,1,"Electromecánica industrial",-99.0663951939789,19.40320542274418,35,43,42
8,9,112315,"CONALEP IZTACALCO I",1,1,"Industria del vestido",-99.06622353260195,19.40336733437364,41,40,39
9,9,113306,"CONALEP AZTAHUACAN",1,1,"Contabilidad",-99.03184834186703,19.35729698102474,31,31,31
9,9,113312,"CONALEP AZTAHUACAN",1,1,"Mantenimiento de sistemas electrónicos",-99.03179469768679,19.35729698102474,31,31,31
9,9,113315,"CONALEP AZTAHUACAN",1,1,"Industria del vestido",-99.03181615535891,19.35729698102474,31,31,31
9,9,113322,"CONALEP AZTAHUACAN",1,1,"Optometría",-99.03181615535891,19.35729698102474,31,31,31
9,9,114306,"CONALEP IZTAPALAPA V",1,1,"Contabilidad",-99.00640904362183,19.372726689890712,31,31,31
9,9,114316,"CONALEP IZTAPALAPA V",1,1,"Informática",-99.00646805222016,19.372726689890712,36,37,35
9,9,114317,"CONALEP IZTAPALAPA V",1,1,"Soporte y mantenimiento de equipo de cómputo",-99.00637149269562,19.372726689890712,40,42,42
9,9,115303,"CONALEP IZTAPALAPA I",1,1,"Asistente directivo",-99.01421098343656,19.361217578721458,31,31,31
9,9,115307,"CONALEP IZTAPALAPA I",1,1,"Control de calidad",-99.01415733925626,19.36122263976696,31,31,32
9,9,115310,"CONALEP IZTAPALAPA I",1,1,"Electricidad industrial",-99.0142378055267,19.361217578721458,31,31,31
9,9,115320,"CONALEP IZTAPALAPA I",1,1,"Máquinas herramienta",-99.01422171227262,19.36125806708103,31,31,31
9,9,116305,"CONALEP IZTAPALAPA II",1,1,"Construcción",-99.05287032845166,19.383824517888456,32,32,31
9,9,116306,"CONALEP IZTAPALAPA II",1,1,"Contabilidad",-99.05289715054187,19.383824517888456,31,31,31
9,9,116336,"CONALEP IZTAPALAPA II",1,1,"Autotrónica",-99.05282741310748,19.383844759261095,31,31,31
9,9,117303,"CONALEP IZTAPALAPA III",1,1,"Asistente directivo",-99.07916945236201,19.33455284046963,31,31,31
9,9,117316,"CONALEP IZTAPALAPA III",1,1,"Informática",-99.07916408794392,19.33458321170291,46,43,39
9,9,117328,"CONALEP IZTAPALAPA III",1,1,"Refrigeración y climatización",-99.07909971492757,19.33455284046963,31,31,31
9,9,118304,"CONALEP IZTAPALAPA IV",1,1,"Mantenimiento automotriz",-99.069418,19.291732,57,51,52
9,9,118306,"CONALEP IZTAPALAPA IV",1,1,"Contabilidad",-99.06936972023772,19.291732,31,31,31
9,9,118317,"CONALEP IZTAPALAPA IV",1,1,"Soporte y mantenimiento de equipo de cómputo",-99.06948237301634,19.291732,40,34,31
10,9,119301,"CONALEP COMERCIO Y FOMENTO INDUSTRIAL (SECOFI)",1,1,"Administración",-99.26863511009526,19.304504545027516,31,31,31
10,9,119303,"CONALEP COMERCIO Y FOMENTO INDUSTRIAL (SECOFI)",1,1,"Asistente directivo",-99.26739056511235,19.30531459157087,31,31,31
10,9,120302,"CONALEP MAGDALENA CONTRERAS",1,1,"Alimentos y bebidas",-99.2297107530701,19.311146959554325,64,60,64
10,9,120306,"CONALEP MAGDALENA CONTRERAS",1,1,"Contabilidad",-99.2297107530701,19.311146959554325,31,31,31
10,9,120316,"CONALEP MAGDALENA CONTRERAS",1,1,"Informática",-99.2297107530701,19.311146959554325,52,50,53
12,9,121303,"CONALEP MILPA ALTA",1,1,"Asistente directivo",-99.06584360873717,19.185716326108857,42,39,35
12,9,121306,"CONALEP MILPA ALTA",1,1,"Contabilidad",-99.06584360873717,19.185716326108857,38,35,31
12,9,121313,"CONALEP MILPA ALTA",1,1,"Enfermería general",-99.06584360873717,19.185716326108857,49,52,56
13,9,122304,"CONALEP TLÁHUAC",1,1,"Mantenimiento automotriz",-98.99377801692486,19.2847258397746,48,44,43
13,9,122306,"CONALEP TLÁHUAC",1,1,"Contabilidad",-98.99351119995117,19.285909420931453,39,33,31
13,9,122312,"CONALEP TLÁHUAC",1,1,"Mantenimiento de sistemas electrónicos",-98.9934776095152,19.284584064084275,31,37,37
14,9,123302,"CONALEP TLALPAN I",1,1,"Alimentos y bebidas",-99.16314263862301,19.298209844032485,68,70,75
14,9,123316,"CONALEP TLALPAN I",1,1,"Informática",-99.16316409629519,19.298189592038266,62,59,69
14,9,124301,"CONALEP TLALPAN II",1,1,"Administración",-99.20665879768063,19.282675828321857,51,49,53
14,9,124311,"CONALEP TLALPAN II",1,1,"Electromecánica industrial",-99.20665879768063,19.282675828321857,52,47,51
14,9,124327,"CONALEP TLALPAN II",1,1,"Química industrial",-99.20665879768063,19.282675828321857,44,43,46
15,9,125318,"CONALEP AEROPUERTO",1,1,"Mantenimiento de motores y planeadores",-99.05758380889893,19.42404072241331,53,53,55
15,9,125329,"CONALEP AEROPUERTO",1,1,"Sistemas electrónicos de aviación",-99.05725359950395,19.42397410834801,49,55,56
15,9,125330,"CONALEP AEROPUERTO",1,1,"Telecomunicaciones",-99.0573280939841,19.42404841058252,45,48,50
15,9,125332,"CONALEP AEROPUERTO",1,1,"Laministería y recubrimiento de las aeronaves",-99.05727144768906,19.423988444012924,39,31,31
15,9,126303,"CONALEP VENUSTIANO CARRANZA I",1,1,"Asistente directivo",-99.12656909911874,19.412240421528907,31,31,31
15,9,126306,"CONALEP VENUSTIANO CARRANZA I",1,1,"Contabilidad",-99.12655268341473,19.412247381449934,31,31,31
15,9,126312,"CONALEP VENUSTIANO CARRANZA I",1,1,"Mantenimiento de sistemas electrónicos",-99.12655953408006,19.41221942093373,31,31,31
15,9,126317,"CONALEP VENUSTIANO CARRANZA I",1,1,"Soporte y mantenimiento de equipo de cómputo",-99.12656399237125,19.412212375867025,34,31,31
15,9,127302,"CONALEP VENUSTIANO CARRANZA II",1,1,"Alimentos y bebidas",-99.05887845273662,19.42287340441085,71,71,69
15,9,127314,"CONALEP VENUSTIANO CARRANZA II",1,1,"Hospitalidad turística",-99.05886096137476,19.42287336425542,47,42,44
15,9,127317,"CONALEP VENUSTIANO CARRANZA II",1,1,"Soporte y mantenimiento de equipo de cómputo",-99.05887081438101,19.422873169464136,41,35,35
16,9,128303,"CONALEP XOCHIMILCO",1,1,"Asistente directivo",-99.12924618388365,19.269523234678964,48,46,49
16,9,128305,"CONALEP XOCHIMILCO",1,1,"Construcción",-99.12915155574206,19.26963716082527,45,41,43
16,9,128312,"CONALEP XOCHIMILCO",1,1,"Mantenimiento de sistemas electrónicos",-99.12910660027399,19.26959489005951,51,45,48
16,9,128327,"CONALEP XOCHIMILCO",1,1,"Química industrial",-99.12911282220102,19.26961029090161,43,43,45
13,15,129316,"CONALEP ATIZAPÁN I",1,1,"Informática",-99.26666260293638,19.552556762924198,31,31,36
13,15,129319,"CONALEP ATIZAPÁN I",1,1,"Mantenimiento de sistemas automáticos",-99.2666010171738,19.552618645708964,32,31,31
13,15,129336,"CONALEP ATIZAPÁN I",1,1,"Autotrónica",-99.26660187448152,19.55261922049588,-,31,31
13,15,130306,"CONALEP ATIZAPÁN II",1,1,"Contabilidad",-99.23129776838528,19.60699786479564,31,31,31
13,15,130311,"CONALEP ATIZAPÁN II",1,1,"Electromecánica industrial",-99.23135157313152,19.606984849771028,31,31,31
13,15,130317,"CONALEP ATIZAPÁN II",1,1,"Soporte y mantenimiento de equipo de cómputo",-99.23132786433052,19.606986505071536,31,31,33
20,15,131306,"CONALEP COACALCO",1,1,"Contabilidad",-99.11877,19.642972,31,31,31
20,15,131316,"CONALEP COACALCO",1,1,"Informática",-99.11877,19.642972,47,43,44
20,15,131327,"CONALEP COACALCO",1,1,"Química industrial",-99.11877,19.642972,31,31,31
121,15,132302,"CONALEP CUAUTITLÁN",1,1,"Alimentos y bebidas",-99.213066,19.671171,59,57,58
121,15,132309,"CONALEP CUAUTITLÁN",1,1,"Asistente y protesista dental",-99.21306600000003,19.671191205401925,32,31,31
121,15,132313,"CONALEP CUAUTITLÁN",1,1,"Enfermería general",-99.21306600000003,19.671272026984184,43,45,49
121,15,132314,"CONALEP CUAUTITLÁN",1,1,"Hospitalidad turística",-99.2131518306885,19.671362951215514,31,31,31
121,15,133306,"CONALEP ING. BERNARDO QUINTANA ARRIOJA - CUAUTITLÁN",1,1,"Contabilidad",-99.210384,19.674919,31,32,31
121,15,133316,"CONALEP ING. BERNARDO QUINTANA ARRIOJA - CUAUTITLÁN",1,1,"Informática",-99.21033035581962,19.674908897534355,31,31,31
121,15,133319,"CONALEP ING. BERNARDO QUINTANA ARRIOJA - CUAUTITLÁN",1,1,"Mantenimiento de sistemas automáticos",-99.2104161865081,19.67482807778623,31,31,31
121,15,133320,"CONALEP ING. BERNARDO QUINTANA ARRIOJA - CUAUTITLÁN",1,1,"Máquinas herramienta",-99.21049128836052,19.67499981970229,31,31,31
25,15,134306,"CONALEP CHALCO",1,1,"Contabilidad",-98.90679,19.271336,31,31,32
25,15,134311,"CONALEP CHALCO",1,1,"Electromecánica industrial",-98.90671491622925,19.27176172976041,31,31,31
25,15,134313,"CONALEP CHALCO",1,1,"Enfermería general",-98.90679,19.271336,49,51,54
31,15,135303,"CONALEP CHIMALHUACÁN",1,1,"Asistente directivo",-98.97154696558835,19.445024790648773,31,31,31
31,15,135306,"CONALEP CHIMALHUACÁN",1,1,"Contabilidad",-98.97154696558835,19.445136076265033,34,35,31
31,15,135311,"CONALEP CHIMALHUACÁN",1,1,"Electromecánica industrial",-98.97141821955563,19.445024790648773,31,31,31
31,15,135316,"CONALEP CHIMALHUACÁN",1,1,"Informática",-98.97169716929318,19.444923621840513,31,31,31
33,15,136310,"CONALEP CIUDAD AZTECA",1,1,"Electricidad industrial",-99.03175908465573,19.54790836794229,37,32,31
33,15,136321,"CONALEP CIUDAD AZTECA",1,1,"Metalmecánica",-99.031802,19.548012,37,31,31
33,15,136327,"CONALEP CIUDAD AZTECA",1,1,"Química industrial",-99.03169471163937,19.548082773074338,36,31,31
33,15,136328,"CONALEP CIUDAD AZTECA",1,1,"Refrigeración y climatización",-99.03154987235257,19.54802463805127,37,31,31
33,15,137303,"CONALEP ECATEPEC I",1,1,"Asistente directivo",-99.00173460118867,19.64699830285464,31,31,32
33,15,137311,"CONALEP ECATEPEC I",1,1,"Electromecánica industrial",-99.00197600000001,19.647038719747137,31,31,31
33,15,137312,"CONALEP ECATEPEC I",1,1,"Mantenimiento de sistemas electrónicos",-99.00212083928682,19.646872,31,31,31
33,15,137316,"CONALEP ECATEPEC I",1,1,"Informática",-99.00191162698366,19.646826530948,33,31,31
33,15,138301,"CONALEP ECATEPEC II",1,1,"Administración",-99.028922222222,19.506622222222,31,31,31
33,15,138306,"CONALEP ECATEPEC II",1,1,"Contabilidad",-99.02923402523959,19.50683586205568,31,31,31
33,15,138316,"CONALEP ECATEPEC II",1,1,"Informática",-99.02935740685427,19.506643714586954,31,31,31
33,15,138317,"CONALEP ECATEPEC II",1,1,"Soporte y mantenimiento de equipo de cómputo",-99.02924475407565,19.50644145384694,31,31,31
33,15,139306,"CONALEP ECATEPEC III",1,1,"Contabilidad",-99.06238,19.625677,31,31,31
33,15,139320,"CONALEP ECATEPEC III",1,1,"Máquinas herramienta",-99.06214933002468,19.62571742225919,31,31,31
33,15,139336,"CONALEP ECATEPEC III",1,1,"Autotrónica",-99.0623317202377,19.62583868897573,-,31,31
33,15,140303,"CONALEP VALLE DE ARAGÓN",1,1,"Asistente directivo",-99.0540687783739,19.499179081042016,31,31,31
33,15,140306,"CONALEP VALLE DE ARAGÓN",1,1,"Contabilidad",-99.05429005622864,19.499130632336524,32,31,31
33,15,140320,"CONALEP VALLE DE ARAGÓN",1,1,"Máquinas herramienta",-99.05418143115247,19.498723973022013,31,31,31
37,15,141306,"CONALEP HUIXQUILUCAN",1,1,"Contabilidad",-99.34421030994349,19.3585516451703,31,31,31
37,15,141336,"CONALEP HUIXQUILUCAN",1,1,"Autotrónica",-99.34421030994349,19.3585516451703,-,31,31
39,15,142315,"CONALEP IXTAPALUCA",1,1,"Industria del vestido",-98.93196356926637,19.31788811371188,48,47,42
39,15,142316,"CONALEP IXTAPALUCA",1,1,"Informática",-98.93196356926637,19.31788811371188,31,31,31
39,15,142327,"CONALEP IXTAPALUCA",1,1,"Química industrial",-98.93196356926637,19.31788811371188,31,36,32
57,15,143302,"CONALEP NAUCALPAN I",1,1,"Alimentos y bebidas",-99.26907062530518,19.444670391609247,56,54,57
57,15,143306,"CONALEP NAUCALPAN I",1,1,"Contabilidad",-99.26912426948547,19.44491319702199,32,31,31
57,15,143314,"CONALEP NAUCALPAN I",1,1,"Hospitalidad turística",-99.26909744739532,19.4447361514444,44,38,38
57,15,143316,"CONALEP NAUCALPAN I",1,1,"Informática",-99.27245378174598,19.444414678280026,43,42,42
57,15,144301,"CONALEP NAUCALPAN II",1,1,"Administración",-99.2500345662736,19.444944677807758,38,31,31
57,15,144311,"CONALEP NAUCALPAN II",1,1,"Electromecánica industrial",-99.25001519458988,19.444959657030665,37,31,31
57,15,144323,"CONALEP NAUCALPAN II",1,1,"Plásticos",-99.250107,19.444984,31,31,31
58,15,145303,"CONALEP DEL SOL",1,1,"Asistente directivo",-99.030923,19.429373,31,31,31
58,15,145305,"CONALEP DEL SOL",1,1,"Construcción",-99.03084789814761,19.42938311785267,31,32,33
58,15,145312,"CONALEP DEL SOL",1,1,"Mantenimiento de sistemas electrónicos",-99.03092300000003,19.42931229287077,31,31,31
58,15,145317,"CONALEP DEL SOL",1,1,"Soporte y mantenimiento de equipo de cómputo",-99.03085862698367,19.429302175013685,31,31,31
58,15,146309,"CONALEP NEZAHUALCÓYOTL I",1,1,"Asistente y protesista dental",-99.03611,19.478594,31,31,31
58,15,146313,"CONALEP NEZAHUALCÓYOTL I",1,1,"Enfermería general",-99.03613145767213,19.478482737345153,46,49,51
58,15,147315,"CONALEP NEZAHUALCÓYOTL II",1,1,"Industria del vestido",-98.986312,19.401172,31,31,31
58,15,147336,"CONALEP NEZAHUALCÓYOTL II",1,1,"Autotrónica",-98.98623689814758,19.401172000000006,-,31,31
58,15,148303,"CONALEP NEZAHUALCÓYOTL III",1,1,"Asistente directivo",-99.01351,19.399452,31,33,33
58,15,148306,"CONALEP NEZAHUALCÓYOTL III",1,1,"Contabilidad",-99.01363874603277,19.399735351783058,33,32,32
58,15,148316,"CONALEP NEZAHUALCÓYOTL III",1,1,"Informática",-99.01325250793462,19.39904721088253,37,31,31
60,15,149301,"CONALEP NICOLÁS ROMERO",1,1,"Administración",-99.30930999094812,19.628583508341315,31,31,31
60,15,149306,"CONALEP NICOLÁS ROMERO",1,1,"Contabilidad",-99.30930999094812,19.628583508341315,31,31,31
60,15,149312,"CONALEP NICOLÁS ROMERO",1,1,"Mantenimiento de sistemas electrónicos",-99.30931352112145,19.628587881204282,31,31,31
60,15,149317,"CONALEP NICOLÁS ROMERO",1,1,"Soporte y mantenimiento de equipo de cómputo",-99.30931724232585,19.628586309220886,31,31,31
70,15,150306,"CONALEP LOS REYES LA PAZ",1,1,"Contabilidad",-98.937517,19.385233,31,31,31
70,15,150310,"CONALEP LOS REYES LA PAZ",1,1,"Electricidad industrial",-98.9377232289047,19.3855704126479,39,35,32
70,15,150336,"CONALEP LOS REYES LA PAZ",1,1,"Autotrónica",-98.9374852180481,19.385546590111385,-,31,31
81,15,151319,"CONALEP TECÁMAC",1,1,"Mantenimiento de sistemas automáticos",-98.977761,19.696708,31,31,31
81,15,151327,"CONALEP TECÁMAC",1,1,"Química industrial",-98.977761,19.696708,31,31,31
99,15,152303,"CONALEP TEXCOCO",1,1,"Asistente directivo",-98.844938,19.538513,-,-,31
99,15,152315,"CONALEP TEXCOCO",1,1,"Industria del vestido",-98.8452169497375,19.53847255584925,31,32,32
99,15,152316,"CONALEP TEXCOCO",1,1,"Informática",-98.84459467724605,19.539018551029663,31,31,31
104,15,153308,"CONALEP GUSTAVO BAZ - TLALNEPANTLA",1,1,"Conservación del medio ambiente",-99.202992,19.565937,48,31,32
104,15,153316,"CONALEP GUSTAVO BAZ - TLALNEPANTLA",1,1,"Informática",-99.20304564418029,19.565937000000005,31,44,44
104,15,153326,"CONALEP GUSTAVO BAZ - TLALNEPANTLA",1,1,"Productividad industrial",-99.202992,19.565909199373564,31,31,31
104,15,153327,"CONALEP GUSTAVO BAZ - TLALNEPANTLA",1,1,"Química industrial",-99.2029571312828,19.565937000000005,31,31,31
104,15,154311,"CONALEP TLALNEPANTLA I",1,1,"Electromecánica industrial",-99.164872,19.511782,31,31,31
104,15,154312,"CONALEP TLALNEPANTLA I",1,1,"Mantenimiento de sistemas electrónicos",-99.16490955092615,19.511776943645238,31,31,31
104,15,154316,"CONALEP TLALNEPANTLA I",1,1,"Informática",-99.16480762698359,19.511781999999993,31,31,31
104,15,155319,"CONALEP TLALNEPANTLA II",1,1,"Mantenimiento de sistemas automáticos",-99.112381,19.538038,32,32,31
104,15,155324,"CONALEP TLALNEPANTLA II",1,1,"Procesamiento industrial de alimentos",-99.11242391534427,19.538037999999997,41,33,32
104,15,155336,"CONALEP TLALNEPANTLA II",1,1,"Autotrónica",-99.11230053372958,19.538037999999997,-,31,31
104,15,156303,"CONALEP TLALNEPANTLA III",1,1,"Asistente directivo",-99.188894,19.576743,32,31,31
104,15,156306,"CONALEP TLALNEPANTLA III",1,1,"Contabilidad",-99.18895837301636,19.57674300000001,32,32,31
104,15,156310,"CONALEP TLALNEPANTLA III",1,1,"Electricidad industrial",-99.18881889814759,19.57674300000001,31,33,31
104,15,156313,"CONALEP TLALNEPANTLA III",1,1,"Enfermería general",-99.18878671163941,19.57674300000001,67,66,69
109,15,157306,"CONALEP TULTITLÁN",1,1,"Contabilidad",-99.15819845767209,19.626742569600594,31,32,32
109,15,157312,"CONALEP TULTITLÁN",1,1,"Mantenimiento de sistemas electrónicos",-99.1578765925903,19.62641919330563,31,31,31
109,15,157336,"CONALEP TULTITLÁN",1,1,"Autotrónica",-99.1577693042297,19.62666172558787,-,31,31
1,9,201000,"CENTRO DE ESTUDIOS DE BACHILLERATO LIC. JESÚS REYES HEROLES",2,2,"",-99.17441938339766,19.359581791181096,60,59,63
11,9,202000,"CENTRO DE ESTUDIOS DE BACHILLERATO MTRO. MOISÉS SÁENZ GARZA",2,2,"",-99.16996550297165,19.44933215156566,65,64,68
122,15,301000,"CENTRO DE BACHILLERATO TECNOLÓGICO AGROPECUARIO NÚM. 35",3,3,"Técnico en agroindustrias, Técnico agropecuario,",-98.95509555049637,19.331367590496775,31,31,31
1,9,401000,"CENTRO DE ESTUDIOS TECNOLÓGICOS INDUSTRIAL Y DE SERVICIOS NÚM. 10",4,3,"Tronco común, Dietética, Gericultura, Laboratori",-99.19960253809808,19.37512369206461,53,52,55
1,9,402000,"CENTRO DE ESTUDIOS TECNOLÓGICOS INDUSTRIAL Y DE SERVICIOS NÚM. 52",4,3,"Tronco común, Administración de recursos humanos",-99.27991189016416,19.326186935511384,48,45,48
2,9,403000,"CENTRO DE ESTUDIOS TECNOLÓGICOS INDUSTRIAL Y DE SERVICIOS NÚM. 4",4,3,"Tronco común, Contabilidad, Electricidad, Electr�",-99.1748927460327,19.477435675704267,40,37,38
2,9,404000,"CENTRO DE ESTUDIOS TECNOLÓGICOS INDUSTRIAL Y DE SERVICIOS NÚM. 33",4,3,"Tronco común, Administración de recursos humanos",-99.20717579629513,19.503499886773085,43,40,42
3,9,405000,"CENTRO DE ESTUDIOS TECNOLÓGICOS INDUSTRIAL Y DE SERVICIOS NÚM. 5",4,3,"Tronco común. Trabajo social",-99.1573635767212,19.3648443006103,48,48,51
4,9,406000,"CENTRO DE ESTUDIOS TECNOLÓGICOS INDUSTRIAL Y DE SERVICIOS NÚM. 2",4,3,"Tronco común, Arquitectura. Diseño decorativo. D",-99.15637445767209,19.350404473192008,66,67,68
5,9,407000,"CENTRO DE ESTUDIOS TECNOLÓGICOS INDUSTRIAL Y DE SERVICIOS NÚM. 29",4,3,"Tronco común, Laboratorio clínico, Laboratorista",-99.31604099591061,19.350839751388616,47,45,47
6,9,408000,"CENTRO DE ESTUDIOS TECNOLÓGICOS INDUSTRIAL Y DE SERVICIOS NÚM. 3",4,3,"Tronco común, Programación, Secretariado ejecuti",-99.13226728836054,19.41517142004385,44,42,42
6,9,409000,"CENTRO DE ESTUDIOS TECNOLÓGICOS INDUSTRIAL Y DE SERVICIOS NÚM. 9",4,3,"Tronco común, Administración de recursos humanos",-99.14098793782046,19.438890392925202,44,44,45
6,9,410000,"CENTRO DE ESTUDIOS TECNOLÓGICOS INDUSTRIAL Y DE SERVICIOS NÚM. 11",4,3,"Tronco común, Diseño gráfico digital, Sistemas ",-99.15247463558194,19.429218411603227,67,67,67
6,9,411000,"CENTRO DE ESTUDIOS TECNOLÓGICOS INDUSTRIAL Y DE SERVICIOS NÚM. 13",4,3,"Tronco común, Contabilidad, Preparación de alime",-99.15059717790984,19.428927473558417,65,56,60
7,9,412000,"CENTRO DE ESTUDIOS TECNOLÓGICOS INDUSTRIAL Y DE SERVICIOS NÚM. 30",4,3,"Tronco común, Contabilidad, Electricidad, Electr�",-99.12401669577025,19.49934853894844,55,52,56
7,9,413000,"CENTRO DE ESTUDIOS TECNOLÓGICOS INDUSTRIAL Y DE SERVICIOS NÚM. 54",4,3,"Tronco común, Contabilidad, Programación, Secret",-99.06001108465574,19.46335036346819,50,48,48
7,9,414000,"CENTRO DE ESTUDIOS TECNOLÓGICOS INDUSTRIAL Y DE SERVICIOS NÚM. 55",4,3,"Tronco común, Administración de recursos humanos",-99.10297739021303,19.507403016874427,42,40,36
7,9,415000,"CENTRO DE ESTUDIOS TECNOLÓGICOS INDUSTRIAL Y DE SERVICIOS NÚM. 56",4,3,"Tronco común, Administración de recursos humanos",-99.10142206745911,19.458489696239553,41,37,35
7,9,416000,"CENTRO DE ESTUDIOS TECNOLÓGICOS INDUSTRIAL Y DE SERVICIOS NÚM. 166",4,3,"Tronco común, Administración de recursos humanos",-99.14799802034611,19.51838159251158,57,52,54
7,9,417000,"CENTRO DE ESTUDIOS TECNOLÓGICOS INDUSTRIAL Y DE SERVICIOS NÚM. 7",4,3,"Tronco común, Contabilidad, Cosmetología, Electr",-99.15638552513121,19.534585105504323,48,45,42
8,9,418000,"CENTRO DE ESTUDIOS TECNOLÓGICOS INDUSTRIAL Y DE SERVICIOS NÚM. 31",4,3,"Tronco común, Administración de recursos humanos",-99.09384699999998,19.38703451805529,44,42,46
8,9,419000,"CENTRO DE ESTUDIOS TECNOLÓGICOS INDUSTRIAL Y DE SERVICIOS NÚM. 76",4,3,"Tronco común, Enfermería general, Radiología e ",-99.12215000000003,19.384711396848704,63,70,72
9,9,420000,"CENTRO DE ESTUDIOS TECNOLÓGICOS INDUSTRIAL Y DE SERVICIOS NÚM. 6",4,3,"Tronco común, Electricidad, Mecánica industrial,",-99.1061147881378,19.345409731609806,36,31,31
9,9,421000,"CENTRO DE ESTUDIOS TECNOLÓGICOS INDUSTRIAL Y DE SERVICIOS NÚM. 42",4,3,"Tronco común, Administración de recursos humanos",-99.000453,19.346026,40,31,35
9,9,422000,"CENTRO DE ESTUDIOS TECNOLÓGICOS INDUSTRIAL Y DE SERVICIOS NÚM. 50",4,3,"Tronco común, Electrónica, Programación, Soport",-99.076665,19.307088,43,40,37
9,9,423000,"CENTRO DE ESTUDIOS TECNOLÓGICOS INDUSTRIAL Y DE SERVICIOS NÚM. 53",4,3,"Tronco común, Contabilidad, Soporte y mantenimien",-99.05202676057434,19.35691279765138,49,48,44
9,9,424000,"CENTRO DE ESTUDIOS TECNOLÓGICOS INDUSTRIAL Y DE SERVICIOS NÚM. 57",4,3,"Tronco común, Enfermería general, Laboratorio cl",-99.05415083068846,19.385900496444318,58,61,63
9,9,425000,"CENTRO DE ESTUDIOS TECNOLÓGICOS INDUSTRIAL Y DE SERVICIOS NÚM. 153",4,3,"Tronco común, Cosmetología, Diseño de modas, Me",-99.06121533862301,19.378679435614057,59,61,62
11,9,426000,"CENTRO DE ESTUDIOS TECNOLÓGICOS INDUSTRIAL Y DE SERVICIOS NÚM. 8",4,3,"Tronco común, Administración de recursos humanos",-99.1839695119171,19.439895150214472,43,42,39
11,9,427000,"CENTRO DE ESTUDIOS TECNOLÓGICOS INDUSTRIAL Y DE SERVICIOS NÚM. 152",4,3,"Tronco común, Contabilidad, Electrónica (Sólo s",-99.19092178344727,19.408437732091635,37,34,36
12,9,428000,"CENTRO DE ESTUDIOS TECNOLÓGICOS INDUSTRIAL Y DE SERVICIOS NÚM. 167",4,3,"Tronco común, Preparación de alimentos y bebidas",-99.09737733862312,19.194013648681715,50,50,51
13,9,429000,"CENTRO DE ESTUDIOS TECNOLÓGICOS INDUSTRIAL Y DE SERVICIOS NÚM. 1",4,3,"Tronco común, Electricidad, Electrónica, Manteni",-98.998028,19.293312,49,48,48
14,9,430000,"CENTRO DE ESTUDIOS TECNOLÓGICOS INDUSTRIAL Y DE SERVICIOS NÚM. 154",4,3,"Tronco común, Administración de recursos humanos",-99.16053227116402,19.26843451135597,51,50,52
15,9,431000,"CENTRO DE ESTUDIOS TECNOLÓGICOS INDUSTRIAL Y DE SERVICIOS NÚM. 32",4,3,"Tronco común, Administración de recursos humanos",-99.06827441550314,19.422857558219025,44,43,42
15,9,432000,"CENTRO DE ESTUDIOS TECNOLÓGICOS INDUSTRIAL Y DE SERVICIOS NÚM. 51",4,3,"Tronco común, Preparación de alimentos y bebidas",-99.06088829040527,19.432924246022402,54,52,55
16,9,433000,"CENTRO DE ESTUDIOS TECNOLÓGICOS INDUSTRIAL Y DE SERVICIOS NÚM. 39",4,3,"Tronco común, Administración de recursos humanos",-99.1272089641933,19.262351764840968,46,45,47
16,9,434000,"CENTRO DE ESTUDIOS TECNOLÓGICOS INDUSTRIAL Y DE SERVICIOS NÚM. 49",4,3,"Tronco común, Cosmetología, Diseño gráfico dig",-99.12738156357983,19.26180793638419,54,54,53
13,15,435000,"CENTRO DE ESTUDIOS TECNOLÓGICOS INDUSTRIAL Y DE SERVICIOS NÚM. 35",4,3,"Tronco común, Administración de recursos humanos",-99.26422170537194,19.569944971213573,42,41,41
13,15,436000,"CENTRO DE ESTUDIOS TECNOLÓGICOS INDUSTRIAL Y DE SERVICIOS NÚM. 92",4,3,"Tronco común, Administración de recursos humanos",-99.24581050872803,19.53243096001039,35,34,32
20,15,437000,"CENTRO DE BACHILLERATO TECNOLÓGICO INDUSTRIAL Y DE SERVICIOS NÚM. 133",4,3,"Tronco común, Construcción, Soporte y mantenimie",-99.096444,19.643376,56,56,56
121,15,438000,"CENTRO DE BACHILLERATO TECNOLÓGICO INDUSTRIAL Y DE SERVICIOS NÚM. 160",4,3,"Tronco común, Administración de recursos humanos",-99.185793,19.690395,44,39,41
25,15,439000,"CENTRO DE ESTUDIOS TECNOLÓGICOS INDUSTRIAL Y DE SERVICIOS NÚM. 96",4,3,"Tronco común, Administración de recursos humanos",-98.83433020398252,19.276302186000077,42,41,39
33,15,440000,"CENTRO DE BACHILLERATO TECNOLÓGICO INDUSTRIAL Y DE SERVICIOS NÚM. 29",4,3,"Tronco común, Administración de recursos humanos",-99.05932000104974,19.605413336902195,64,64,65
33,15,441000,"CENTRO DE BACHILLERATO TECNOLÓGICO INDUSTRIAL Y DE SERVICIOS NÚM. 202",4,3,"Tronco común, Logística, Laboratorista químico,",-98.99688042460639,19.59322954483156,61,49,52
33,15,442000,"CENTRO DE ESTUDIOS TECNOLÓGICOS INDUSTRIAL Y DE SERVICIOS NÚM. 65",4,3,"Tronco común, Administración de recursos humanos",-99.01958814535209,19.613702964223403,41,31,31
33,15,443000,"CENTRO DE ESTUDIOS TECNOLÓGICOS INDUSTRIAL Y DE SERVICIOS NÚM. 119",4,3,"Tronco común, Diseño de modas, Producción de pr",-99.03025701719662,19.51324836510993,48,43,36
58,15,444000,"CENTRO DE ESTUDIOS TECNOLÓGICOS INDUSTRIAL Y DE SERVICIOS NÚM. 37",4,3,"Tronco común, Contabilidad, Laboratorio clínico,",-98.9888034670065,19.40171440266374,43,40,34
58,15,445000,"CENTRO DE BACHILLERATO TECNOLÓGICO INDUSTRIAL Y DE SERVICIOS NÚM. 6",4,3,"Tronco común, Contabilidad, Electrónica, Laborat",-98.980594,19.388912,32,31,31
99,15,446000,"CENTRO DE ESTUDIOS TECNOLÓGICOS INDUSTRIAL Y DE SERVICIOS NÚM. 97",4,3,"Tronco común, Administración de recursos humanos",-98.832074,19.510973,47,49,52
104,15,447000,"CENTRO DE ESTUDIOS TECNOLÓGICOS INDUSTRIAL Y DE SERVICIOS NÚM. 165",4,3,"Tronco común, Diseño gráfico digital, Sistemas ",-99.16659952513129,19.512149464976286,46,33,36
104,15,448000,"CENTRO DE BACHILLERATO TECNOLÓGICO INDUSTRIAL Y DE SERVICIOS NÚM. 50",4,3,"Tronco común, Administración de recursos humanos",-99.20027766674804,19.56031575173703,38,38,35
104,15,449000,"CENTRO DE BACHILLERATO TECNOLÓGICO INDUSTRIAL Y DE SERVICIOS NÚM. 227",4,3,"Tronco común, Administración de recursos humanos",-99.185364,19.518224,31,31,31
109,15,450000,"CENTRO DE ESTUDIOS TECNOLÓGICOS INDUSTRIAL Y DE SERVICIOS NÚM. 36",4,3,"Tronco común, Contabilidad, Mecánica industrial,",-99.17903038891609,19.612522829575376,39,38,37
109,15,451000,"CENTRO DE ESTUDIOS TECNOLÓGICOS INDUSTRIAL Y DE SERVICIOS NÚM. 95",4,3,"Tronco común, Contabilidad, Programación",-99.156804,19.626965,31,31,31
7,9,501100,"CECyT NÚM. 1 GONZALO VÁZQUEZ VELA RAMA DE INGENIERÍA Y CIENCIAS FÍSICO - MATEMÁTICAS",5,3,"Técnico en construcción, Técnico en procesos in",-99.090929,19.467037,78,80,83
11,9,502100,"CECyT NÚM. 2 MIGUEL BERNARD PERALES RAMA DE INGENIERÍA Y CIENCIAS FÍSICO - MATEMÁTICAS",5,3,"Técnico en máquinas con sistemas automatizados, ",-99.21273916071317,19.45247065076255,79,83,85
33,15,503100,"CECyT NÚM. 3 ESTANISLAO RAMÍREZ RUIZ RAMA DE INGENIERÍA Y CIENCIAS FÍSICO - MATEMÁTICAS",5,3,"Técnico en computación, Técnico en sistemas de ",-99.01900867591854,19.570788777160665,91,92,93
1,9,504100,"CECyT NÚM. 4 LÁZARO CÁRDENAS DEL RÍO RAMA DE INGENIERÍA Y CIENCIAS FÍSICO - MATEMÁTICAS",5,3,"Técnico en Construcción, Técnico en instalacion",-99.215062,19.398445,75,77,80
6,9,505300,"CECyT NÚM. 5 BENITO JUÁREZ GARCÍA RAMA DE CIENCIAS SOCIALES Y ADMINISTRATIVAS",5,3,"Técnico en comercio internacional, Técnico en co",-99.150152,19.431505,82,85,87
2,9,506200,"CECyT NÚM. 6 MIGUEL OTHÓN DE MENDIZÁBAL RAMA DE CIENCIAS MÉDICO - BIOLÓGICAS",5,3,"Técnico en ecología, Técnico en enfermería, T�",-99.158092,19.467138,85,87,89
9,9,507100,"CECyT NÚM. 7 CUAUHTÉMOC RAMA DE INGENIERÍA Y CIENCIAS FÍSICO - MATEMÁTICAS",5,3,"Técnico en construcción, Técnico en instalacion",-99.026148,19.345059,82,85,88
2,9,508100,"CECyT NÚM. 8 NARCISO BASSOLS GARCÍA RAMA DE INGENIERÍA Y CIENCIAS FÍSICO - MATEMÁTICAS",5,3,"Técnico en computación, Técnico en mantenimient",-99.174292,19.487065,77,79,82
11,9,509100,"CECyT NÚM. 9 JUAN DE DIOS BÁTIZ PAREDES RAMA DE INGENIERÍA Y CIENCIAS FÍSICO - MATEMÁTICAS",5,3,"Técnico en máquinas con sistemas automatizados, ",-99.175188,19.453978,99,101,102
7,9,510100,"CECyT NÚM. 10  CARLOS VALLEJO MÁRQUEZ RAMA DE INGENIERÍA Y CIENCIAS FÍSICO - MATEMÁTICAS",5,3,"Técnico en diagnóstico y mejoramiento ambiental,",-99.079621,19.455101,75,77,79
11,9,511100,"CECyT NÚM. 11 WILFRIDO MASSIEU PÉREZ RAMA DE INGENIERÍA Y CIENCIAS FÍSICO - MATEMÁTICAS",5,3,"Técnico en construcción, Técnico en instalacion",-99.166117,19.453391,76,78,80
6,9,512300,"CECyT NÚM. 12 JOSÉ MA. MORELOS Y PAVÓN RAMA DE CIENCIAS SOCIALES Y ADMINISTRATIVAS",5,3,"Técnico en administración, Técnico en contadur�",-99.152352,19.462774,78,80,81
4,9,513300,"CECyT NÚM. 13 RICARDO FLORES MAGÓN RAMA DE CIENCIAS SOCIALES Y ADMINISTRATIVAS",5,3,"Técnico en administración, Técnico en administr",-99.129081,19.339552,89,91,92
15,9,514300,"CECyT NÚM. 14 LUIS ENRIQUE ERRO SOLER RAMA DE CIENCIAS SOCIALES Y ADMINISTRATIVAS",5,3,"Técnico en contaduría, Técnico en informática,",-99.11531100212625,19.446191901030577,80,82,84
12,9,515200,"CECyT NÚM. 15 DIÓDORO ANTÚNEZ ECHEGARAY RAMA DE CIENCIAS MÉDICO - BIOLÓGICAS",5,3,"Técnico en alimentos, Técnico laboratorista clí",-98.9957372883606,19.221632692767624,82,84,86
7,9,517100,"CENTRO DE ESTUDIOS TECNOLÓGICOS WALTER CROSS BUCHANAN RAMA DE INGENIERÍA Y CIENCIAS FÍSICO-MATEMÁTICAS",5,3,"Técnico en automatización y control eléctrico i",-99.061393,19.455429,76,77,80
1,9,601000,"ESCUELA NACIONAL PREPARATORIA PLANTEL NÚM. 8 MIGUEL E. SCHULZ",6,2,"",-99.195127,19.367126,85,89,92
2,9,602000,"COLEGIO DE CIENCIAS Y HUMANIDADES, PLANTEL AZCAPOTZALCO",6,2,"",-99.20366981426389,19.500126480195945,78,81,85
4,9,603000,"ESCUELA NACIONAL PREPARATORIA PLANTEL NÚM. 6 ANTONIO CASO",6,2,"",-99.156665,19.352408,101,107,109
4,9,604000,"COLEGIO DE CIENCIAS Y HUMANIDADES, PLANTEL SUR",6,2,"",-99.20001234708252,19.311479416913585,85,88,91
7,9,605000,"ESCUELA NACIONAL PREPARATORIA PLANTEL NÚM. 3 JUSTO SIERRA",6,2,"",-99.09550925890807,19.482905278115023,92,96,99
7,9,606000,"ESCUELA NACIONAL PREPARATORIA PLANTEL NÚM. 9 PEDRO DE ALBA",6,2,"",-99.12775126511235,19.483821492956338,97,101,103
7,9,607000,"COLEGIO DE CIENCIAS Y HUMANIDADES, PLANTEL VALLEJO",6,2,"",-99.14179528462523,19.485185849027715,81,84,88
8,9,608000,"ESCUELA NACIONAL PREPARATORIA PLANTEL NÚM. 2 ERASMO CASTELLANOS QUINTO",6,2,"",-99.100081,19.384211,98,102,104
8,9,609000,"COLEGIO DE CIENCIAS Y HUMANIDADES, PLANTEL ORIENTE",6,2,"",-99.06037351058967,19.385181864545274,83,86,89
11,9,611000,"ESCUELA NACIONAL PREPARATORIA PLANTEL NÚM. 4 VIDAL CASTAÑEDA Y NÁJERA",6,2,"",-99.19525623321533,19.403620942345036,83,86,89
14,9,612000,"ESCUELA NACIONAL PREPARATORIA PLANTEL NÚM. 5 JOSÉ VASCONCELOS",6,2,"",-99.13487434387207,19.307741253875214,92,97,100
15,9,613000,"ESCUELA NACIONAL PREPARATORIA PLANTEL NÚM. 7 EZEQUIEL A. CHÁVEZ",6,2,"",-99.127032,19.418721,85,89,93
16,9,614000,"ESCUELA NACIONAL PREPARATORIA PLANTEL NÚM. 1 GABINO BARREDA",6,2,"",-99.12151812735453,19.27257247515744,91,95,98
57,15,615000,"COLEGIO DE CIENCIAS Y HUMANIDADES, PLANTEL NAUCALPAN",6,2,"",-99.2441891423889,19.475225354510677,74,77,81
2,15,701000,"PREPARATORIA OFICIAL NÚM. 107",7,2,"",-98.9034056332332,19.640829996658677,31,31,31
13,15,702000,"PREPARATORIA OFICIAL NÚM. 64",7,2,"",-99.26836955623651,19.56133262755561,50,49,49
13,15,703000,"PREPARATORIA OFICIAL NÚM. 87",7,2,"",-99.2663393163179,19.59410783220049,52,51,52
13,15,704000,"PREPARATORIA OFICIAL ANEXA A LA NORMAL DE ATIZAPÁN",7,2,"",-99.25268680190487,19.55769701681301,71,73,76
20,15,705000,"PREPARATORIA OFICIAL NÚM. 52",7,2,"",-99.088681,19.61522,60,60,61
20,15,706000,"PREPARATORIA OFICIAL NÚM. 99",7,2,"",-99.093976,19.635575,85,85,87
20,15,707000,"PREPARATORIA OFICIAL ANEXA A LA NORMAL DE COACALCO",7,2,"",-99.10092922685271,19.623148472178357,76,78,80
121,15,708000,"PREPARATORIA OFICIAL NÚM. 113",7,2,"",-99.22125678315047,19.673927519959985,51,49,44
121,15,709000,"PREPARATORIA OFICIAL NÚM. 67",7,2,"",-99.20493335581966,19.686906915776348,61,62,61
121,15,710000,"PREPARATORIA OFICIAL NÚM. 11",7,2,"",-99.21329422131288,19.672507006926523,71,71,71
121,15,711000,"PREPARATORIA OFICIAL NÚM. 114",7,2,"",-99.2328304724914,19.617500349058027,39,33,31
121,15,712000,"PREPARATORIA OFICIAL ANEXA A LA NORMAL DE CUAUTITLÁN IZCALLI",7,2,"",-99.20429,19.649145,84,87,86
25,15,713000,"PREPARATORIA OFICIAL NÚM. 30",7,2,"",-98.886196,19.267017,60,60,60
25,15,714000,"PREPARATORIA OFICIAL NÚM. 54",7,2,"",-98.91586891666344,19.28758975047922,44,43,42
25,15,715000,"PREPARATORIA OFICIAL NÚM. 70",7,2,"",-98.90500530328359,19.21012346605893,40,34,33
25,15,716000,"PREPARATORIA OFICIAL ANEXA A LA NORMAL DE CHALCO",7,2,"",-98.888583,19.267397,73,76,76
29,15,717000,"PREPARATORIA OFICIAL NÚM. 15",7,2,"",-98.902895,19.420014,31,31,31
29,15,718000,"PREPARATORIA OFICIAL NÚM. 55",7,2,"",-98.926424,19.402498,31,31,31
31,15,719000,"PREPARATORIA OFICIAL NÚM. 16",7,2,"",-98.943332,19.440947,31,31,31
31,15,720000,"PREPARATORIA OFICIAL NÚM. 62",7,2,"",-98.96481115904925,19.418912815608998,31,31,31
31,15,721000,"PREPARATORIA OFICIAL NÚM. 75",7,2,"",-98.9750895449829,19.408428093569533,31,31,31
31,15,722000,"PREPARATORIA OFICIAL NÚM. 85",7,2,"",-98.97283693121341,19.4403402508937,31,32,31
31,15,723000,"PREPARATORIA OFICIAL NÚM. 98",7,2,"",-98.95830171416185,19.38766288603183,31,31,31
31,15,724000,"COLEGIO DE BACHILLERES DEL ESTADO DE MÉXICO PLANTEL 03 CHIMALHUACÁN SUR",7,2,"",-98.92691745767212,19.417281288375715,31,31,31
33,15,725000,"PREPARATORIA OFICIAL NÚM. 48",7,2,"",-99.00859594345093,19.639677411042147,42,33,31
33,15,726000,"PREPARATORIA OFICIAL NÚM. 49",7,2,"",-99.06698728036537,19.525030579279893,55,52,45
33,15,727000,"PREPARATORIA OFICIAL NÚM. 81",7,2,"",-98.99590929695893,19.594712979321482,62,57,58
33,15,728000,"PREPARATORIA OFICIAL NÚM. 94",7,2,"",-98.98402135581966,19.641491091548787,31,31,31
33,15,729000,"PREPARATORIA OFICIAL NÚM. 110",7,2,"",-99.07075881958008,19.573720705704215,40,31,31
33,15,730000,"PREPARATORIA OFICIAL NÚM. 115",7,2,"",-99.02161559259036,19.518391064903103,47,45,43
33,15,731000,"PREPARATORIA OFICIAL ANEXA A LA NORMAL DE ECATEPEC",7,2,"",-99.04105121595137,19.6054846212425,80,83,85
33,15,732000,"COLEGIO DE BACHILLERES DEL ESTADO DE MÉXICO PLANTEL 10 ECATEPEC NORTE",7,2,"",-99.026535,19.601639,50,40,38
33,15,733000,"COLEGIO DE BACHILLERES DEL ESTADO DE MÉXICO PLANTEL 02 ECATEPEC SUR",7,2,"",-99.0680060929667,19.514127066001894,31,31,31
37,15,734000,"PREPARATORIA OFICIAL NÚM. 89",7,2,"",-99.29810904903695,19.375135172973014,51,51,52
37,15,735000,"COLEGIO DE BACHILLERES DEL ESTADO DE MÉXICO PLANTEL 09 HUIXQUILUCAN SUR",7,2,"",-99.318508333333,19.408936111111,38,36,32
39,15,736000,"PREPARATORIA OFICIAL NÚM. 74",7,2,"",-98.88119037203683,19.311831865764688,54,56,57
57,15,737000,"PREPARATORIA OFICIAL NÚM. 24",7,2,"",-99.25538063049316,19.453987788786694,53,50,50
57,15,738000,"PREPARATORIA OFICIAL ANEXA A LA NORMAL DE NAUCALPAN",7,2,"",-99.27038153753313,19.502328811970774,71,73,75
58,15,739000,"PREPARATORIA OFICIAL NÚM. 12",7,2,"",-99.063313,19.493487,60,58,55
58,15,740000,"PREPARATORIA OFICIAL NÚM. 18",7,2,"",-99.051726,19.4078,31,31,31
58,15,741000,"PREPARATORIA OFICIAL NÚM. 28",7,2,"",-98.98194588095095,19.37501112123489,47,48,44
58,15,742000,"PREPARATORIA OFICIAL NÚM. 82",7,2,"",-99.004927,19.382703,47,42,35
58,15,743000,"PREPARATORIA OFICIAL NÚM. 86",7,2,"",-99.042853,19.399148,53,49,48
58,15,744000,"PREPARATORIA OFICIAL NÚM. 95",7,2,"",-99.047885,19.428756,41,39,31
58,15,745000,"PREPARATORIA OFICIAL ANEXA A LA NORMAL NÚM. 1 DE NEZAHUALCÓYOTL",7,2,"",-99.009883,19.405574,76,76,79
58,15,746000,"PREPARATORIA OFICIAL ANEXA A LA NORMAL NÚM. 2 DE NEZAHUALCÓYOTL",7,2,"",-99.064547,19.487358,75,77,78
58,15,747000,"PREPARATORIA OFICIAL ANEXA A LA NORMAL NÚM. 3 DE NEZAHUALCÓYOTL",7,2,"",-99.01348679629496,19.398388827845793,71,73,76
58,15,748000,"PREPARATORIA OFICIAL ANEXA A LA NORMAL NÚM. 4 DE NEZAHUALCÓYOTL",7,2,"",-99.025322,19.417636,67,69,70
70,15,749000,"PREPARATORIA OFICIAL NÚM. 7",7,2,"",-98.96544423809814,19.357591238602957,56,54,54
70,15,750000,"PREPARATORIA OFICIAL ANEXA A LA NORMAL DE LOS REYES ACAQUILPAN",7,2,"",-98.96780174949038,19.358062973956567,66,67,70
81,15,751000,"PREPARATORIA OFICIAL NÚM. 22",7,2,"",-99.00621386640933,19.674201100933164,53,51,50
81,15,752000,"PREPARATORIA OFICIAL NÚM. 37",7,2,"",-98.99816911061589,19.769560314995122,47,44,42
81,15,753000,"PREPARATORIA OFICIAL NÚM. 73",7,2,"",-98.969747,19.688506,40,37,35
81,15,754000,"PREPARATORIA OFICIAL NÚM. 216",7,2,"",-98.97458784315609,19.670418685713795,53,48,47
95,15,755000,"PREPARATORIA OFICIAL NÚM. 27",7,2,"",-99.225179,19.708738,53,49,53
99,15,756000,"PREPARATORIA OFICIAL NÚM. 79",7,2,"",-98.77403835076547,19.52295411932807,45,45,40
99,15,757000,"PREPARATORIA OFICIAL NÚM. 100",7,2,"",-98.88415788683324,19.506043461514448,63,64,64
99,15,758000,"PREPARATORIA OFICIAL ANEXA A LA NORMAL DE TEXCOCO",7,2,"",-98.98194551467896,19.61724344321139,77,80,80
104,15,759000,"PREPARATORIA OFICIAL NÚM. 69",7,2,"",-99.113524,19.515402,34,31,31
104,15,760000,"PREPARATORIA OFICIAL NÚM. 97",7,2,"",-99.11327699999998,19.5336142917457,33,31,31
104,15,761000,"PREPARATORIA OFICIAL NÚM. 103",7,2,"",-99.169802,19.544428,58,54,55
104,15,762000,"PREPARATORIA OFICIAL ANEXA A LA NORMAL DE TLALNEPANTLA",7,2,"",-99.17644873025648,19.5211243495532,64,64,68
108,15,763000,"PREPARATORIA OFICIAL NÚM. 31",7,2,"",-99.10869414766387,19.69172294815186,40,36,36
109,15,764000,"PREPARATORIA OFICIAL NÚM. 34",7,2,"",-99.094411,19.682076,44,38,38
109,15,765000,"PREPARATORIA OFICIAL NÚM. 68",7,2,"",-99.176459,19.607481,49,47,50
109,15,766000,"PREPARATORIA OFICIAL NÚM. 105",7,2,"",-99.130787,19.631856,54,51,53
122,15,767000,"PREPARATORIA OFICIAL NÚM. 88",7,2,"",-98.954555,19.27477,31,31,31
122,15,768000,"PREPARATORIA OFICIAL NÚM. 92",7,2,"",-98.95593881607056,19.323212142976196,31,31,31
122,15,769000,"PREPARATORIA OFICIAL NÚM. 96",7,2,"",-98.95578081356348,19.28703900756554,31,31,31
122,15,770000,"COLEGIO DE BACHILLERES DEL ESTADO DE MÉXICO PLANTEL 04 VALLE DE CHALCO SOLIDARIDAD",7,2,"",-98.952967,19.297454,31,31,31
104,15,771000,"PREPARATORIA OFICIAL NÚM. 118",7,2,"",-99.09356341802982,19.53750146374057,34,31,31
39,15,772000,"PREPARATORIA OFICIAL NÚM. 135",7,2,"",-98.6742639541626,19.35190230906686,38,37,35
121,15,773000,"PREPARATORIA OFICIAL NÚM. 126",7,2,"",-99.22495365142822,19.651176130972015,41,38,35
33,15,774000,"PREPARATORIA OFICIAL NÚM. 125",7,2,"",-98.98387670516968,19.648225747137705,31,31,31
25,15,775000,"PREPARATORIA OFICIAL NÚM. 127",7,2,"",-98.924675,19.233019,31,31,31
20,15,776000,"PREPARATORIA OFICIAL NÚM. 137",7,2,"",-99.10174327904315,19.650192115190173,66,67,67
39,15,777000,"PREPARATORIA OFICIAL NÚM. 122",7,2,"",-98.90385031700134,19.28999045331874,31,31,31
39,15,778000,"PREPARATORIA OFICIAL NÚM. 124",7,2,"",-98.9120790274863,19.3225010783529,31,31,31
58,15,779000,"PREPARATORIA OFICIAL NÚM. 121",7,2,"",-99.007394,19.418784,35,31,31
60,15,780000,"COLEGIO DE BACHILLERES DEL ESTADO DE MÉXICO PLANTEL 15 NICOLÁS ROMERO",7,2,"",-99.38431006896309,19.653523370857922,31,37,31
122,15,781000,"PREPARATORIA OFICIAL NÚM. 123",7,2,"",-98.935232,19.296856,31,31,31
25,15,782000,"PREPARATORIA OFICIALNÚM. 198",7,2,"",-98.81794452667236,19.25710639095006,31,31,31
33,15,783000,"PREPARATORIA OFICIAL NÚM. 128",7,2,"",-99.07340884208679,19.549093715803746,44,31,31
37,15,784000,"COLEGIO DE BACHILLERES DEL ESTADO DE MÉXICO PLANTEL 17 HUIXQUILUCAN NORTE",7,2,"",-99.27310780889457,19.415201624695207,32,31,31
39,15,785000,"PREPARATORIA OFICIAL NÚM. 141",7,2,"",-98.86965751647949,19.303650538498452,31,31,31
39,15,786000,"PREPARATORIA OFICIAL NÚM. 185",7,2,"",-98.85066365901918,19.341381772895048,31,31,31
39,15,787000,"COLEGIO DE BACHILLERES DEL ESTADO DE MÉXICO PLANTEL 18 IXTAPALUCA",7,2,"",-98.86277426624446,19.301621529709767,31,31,31
60,15,788000,"PREPARATORIA OFICIAL NÚM. 148",7,2,"",-99.298478,19.616728,51,55,56
29,15,789000,"PREPARATORIA OFICIAL NÚM. 143",7,2,"",-98.88493537902832,19.420418371779373,31,31,31
37,15,790000,"PREPARATORIA OFICIAL NÚM. 149",7,2,"",-99.281173,19.389306,44,39,39
39,15,791000,"PREPARATORIA OFICIAL NÚM. 158",7,2,"",-98.84398970108032,19.38593260051839,34,32,31
81,15,792000,"COLEGIO DE BACHILLERES DEL ESTADO DE MÉXICO PLANTEL 19 TECÁMAC",7,2,"",-99.01744727380492,19.629209051930598,31,31,31
95,15,793000,"PREPARATORIA OFICIAL NÚM. 153",7,2,"",-99.283179,19.696279,32,31,31
99,15,794000,"PREPARATORIA OFICIAL NÚM. 188",7,2,"",-98.85828481349182,19.483864021175748,58,48,33
121,15,795000,"PREPARATORIA OFICIAL NÚM. 163",7,2,"",-98.94551038742065,19.361103555923023,35,32,31
29,15,796000,"PREPARATORIA OFICIAL NÚM. 171",7,2,"",-98.943775,19.360027777778,31,31,32
70,15,797000,"PREPARATORIA OFICIAL NÚM. 184",7,2,"",-98.94458742623914,19.339714053192328,33,33,31
31,15,798000,"PREPARATORIA OFICIAL NÚM. 164",7,2,"",-98.93412689814761,19.4277595334485,31,31,32
39,15,799000,"PREPARATORIA OFICIAL NÚM. 161",7,2,"",-98.895278,19.306972,42,41,41
31,15,910000,"PREPARATORIA OFICIAL NÚM. 231",7,2,"",-98.96527290344238,19.406818659017457,-,31,44
31,15,911000,"PREPARATORIA OFICIAL NÚM. 232",7,2,"",-98.93148751741035,19.436376744351136,-,33,32
31,15,912000,"PREPARATORIA OFICIAL NÚM. 233",7,2,"",-98.959479,19.437265,-,31,31
31,15,913000,"PREPARATORIA OFICIAL NÚM. 234",7,2,"",-98.98782999997718,19.424149386052463,-,33,36
31,15,914000,"PREPARATORIA OFICIAL NÚM. 236",7,2,"",-98.95403684859855,19.41670223617407,-,38,33
31,15,915000,"PREPARATORIA OFICIAL NÚM. 237",7,2,"",-98.938547372818,19.4068894938016,-,-,40
31,15,916000,"PREPARATORIA OFICIAL NÚM. 238",7,2,"",-98.98551793580634,19.417878524046973,-,33,31
31,15,917000,"PREPARATORIA OFICIAL NÚM. 240",7,2,"",-98.94636869430542,19.391153294849676,-,32,47
33,15,918000,"PREPARATORIA OFICIAL NÚM. 221",7,2,"",-99.04041767120361,19.49889802166103,-,31,31
33,15,919000,"PREPARATORIA OFICIAL NÚM. 228",7,2,"",-98.99480402469635,19.59012650075918,-,31,31
33,15,920000,"PREPARATORIA OFICIAL NÚM. 257",7,2,"",-99.02595491891486,19.607419910752927,-,39,44
33,15,921000,"PREPARATORIA OFICIAL NÚM. 258",7,2,"",-99.01629494314773,19.58254662912184,-,50,51
33,15,922000,"PREPARATORIA OFICIAL NÚM. 259",7,2,"",-99.04092729091644,19.526404442903317,-,31,35
33,15,923000,"PREPARATORIA OFICIAL NÚM. 260",7,2,"",-99.01333780770881,19.61870366082046,-,46,31
57,15,924000,"MÓDULO DE LA PREPARATORIA OFICIAL ANEXA A LA NORMAL DE NAUCALPAN",7,2,"",-99.24453672795102,19.46964804164891,-,59,63
60,15,925000,"PREPARATORIA OFICIAL NÚM. 250",7,2,"",-99.41395282745361,19.644204246201834,-,31,31
81,15,926000,"PREPARATORIA OFICIAL NÚM. 229",7,2,"",-99.0389746427536,19.6247369389904,-,69,63
81,15,927000,"PREPARATORIA OFICIAL NÚM. 243",7,2,"",-99.0365982055664,19.652530056078525,-,31,31
99,15,928000,"PREPARATORIA OFICIAL NÚM. 235",7,2,"",-98.886748271042,19.513915787396975,-,44,43
122,15,929000,"PREPARATORIA OFICIAL NÚM. 220",7,2,"",-98.91626329904182,19.28789414645658,-,32,32
60,15,930000,"PREPARATORIA OFICIAL NÚM. 262",7,2,"",-99.27050466064986,19.598445438475206,-,43,42
2,15,931000,"PREPARATORIA OFICIAL NÚM. 269",7,2,"",-98.893883228302,19.616139348391002,-,-,31
31,15,932000,"PREPARATORIA OFICIAL NÚM. 278",7,2,"",-98.93179865365607,19.445773023136947,-,-,32
33,15,933000,"MÓDULO ADSCRITO A LA PREPARATORIA OFICIAL NÚM. 118",7,2,"",-99.0259653730858,19.492964179626174,-,-,31
33,15,934000,"PREPARATORIA OFICIAL NÚM. 266",7,2,"",-99.06007289886475,19.562034474998992,-,-,31
33,15,935000,"PREPARATORIA OFICIAL NÚM. 277",7,2,"",-99.0646061607132,19.562029561127172,-,-,31
37,15,936000,"MÓDULO HUIXQUILUCAN, ADSCRITO A LA PREPARATORIA OFICIAL NÚM. 262",7,2,"",-99.25942975361443,19.43470508048184,-,-,43
39,15,937000,"PREPARATORIA OFICIAL NÚM. 279",7,2,"",-98.84830713272095,19.35471385623475,-,-,33
58,15,939000,"PREPARATORIA OFICIAL NÚM. 280",7,2,"",-99.04982172740654,19.460458163008543,-,-,31
58,15,940000,"PREPARATORIA OFICIAL NÚM. 267",7,2,"",-99.02524288572988,19.389939054539347,-,-,31
60,15,941000,"MÓDULO ANEXO A LA PREPARATORIA OFICIAL NÚM. 148",7,2,"",-99.34374332427979,19.63147219700318,-,-,31
70,15,942000,"GRUPO ADSCRITO A LA PREPARATORIA OFICIAL NÚM. 16",7,2,"",-98.92720128986929,19.38131302878714,-,-,31
70,15,943000,"PREPARATORIA OFICIAL NÚM. 265",7,2,"",-98.9456799218425,19.359150248947895,-,-,32
70,15,944000,"PREPARATORIA OFICIAL NÚM. 274",7,2,"",-98.95015184647934,19.35386973897258,-,-,31
122,15,945000,"GRUPO ANEXO A LA PREPARATORIA OFICIAL NÚM. 54",7,2,"",-98.94329122616716,19.292709667139203,-,-,31
122,15,946000,"PREPARATORIA OFICIAL NÚM. 281",7,2,"",-98.94636009786984,19.315932258589772,-,-,31
33,15,947000,"MÓDULO ANEXO A LA PREPARATORIA OFICIAL NÚM. 257, LA GUADALUPANA",7,2,"",-99.01312351226807,19.618779562520555,-,-,31
39,15,948000,"COLEGIO DE BACHILLERES DEL ESTADO DE MÉXICO PLANTEL IXTAPALUCA 56 II",7,2,"",-98.88490319252014,19.327778205334333,-,-,31
2,15,801053,"CENTRO DE BACHILLERATO TECNOLÓGICO  NÚM. 1 DR. DONATO ALARCÓN SEGOVIA",8,3,"Técnico laboratorista químico",-98.93510341644287,19.62371121475991,63,57,56
2,15,801070,"CENTRO DE BACHILLERATO TECNOLÓGICO  NÚM. 1 DR. DONATO ALARCÓN SEGOVIA",8,3,"Técnico en gastronomía",-98.93476009368896,19.62381227162509,72,70,72
2,15,801076,"CENTRO DE BACHILLERATO TECNOLÓGICO  NÚM. 1 DR. DONATO ALARCÓN SEGOVIA",8,3,"Técnico en mecatrónica",-98.93493175506592,19.623953751129598,60,58,56
2,15,801077,"CENTRO DE BACHILLERATO TECNOLÓGICO  NÚM. 1 DR. DONATO ALARCÓN SEGOVIA",8,3,"Técnico en manufactura asistida por computadora",-98.9348030090332,19.62403459650481,42,31,37
2,15,802039,"CENTRO DE BACHILLERATO TECNOLÓGICO NÚM. 2 OCTAVIO PAZ",8,3,"Técnico en contabilidad",-98.9617109298706,19.616920047802143,31,-,32
2,15,802046,"CENTRO DE BACHILLERATO TECNOLÓGICO NÚM. 2 OCTAVIO PAZ",8,3,"Técnico en informática",-98.95398616790771,19.72255482178311,44,49,47
2,15,802069,"CENTRO DE BACHILLERATO TECNOLÓGICO NÚM. 2 OCTAVIO PAZ",8,3,"Técnico en turismo",-98.95407199859619,19.722393230363252,60,56,58
20,15,803036,"CENTRO DE BACHILLERATO TECNOLÓGICO MARÍA LUISA MARINA DE SUÁREZ",8,3,"Técnico en administración",-99.08785013757324,19.623983740815902,50,48,47
20,15,803039,"CENTRO DE BACHILLERATO TECNOLÓGICO MARÍA LUISA MARINA DE SUÁREZ",8,3,"Técnico en contabilidad",-99.086906,19.627359,31,32,33
20,15,803046,"CENTRO DE BACHILLERATO TECNOLÓGICO MARÍA LUISA MARINA DE SUÁREZ",8,3,"Técnico en informática",-99.086906,19.627359,43,40,42
20,15,804067,"COLEGIO DE ESTUDIOS CIENTÍFICOS Y TECNOLÓGICOS  DEL ESTADO DE MÉXICO PLANTEL COACALCO",8,3,"Técnico en mantenimiento de equipo y sistemas",-99.10113730370483,19.621576262002705,60,59,57
20,15,804085,"COLEGIO DE ESTUDIOS CIENTÍFICOS Y TECNOLÓGICOS  DEL ESTADO DE MÉXICO PLANTEL COACALCO",8,3,"Desarrollo Organizacional",-99.10109996795654,19.621568794263258,-,-,-
20,15,804087,"COLEGIO DE ESTUDIOS CIENTÍFICOS Y TECNOLÓGICOS  DEL ESTADO DE MÉXICO PLANTEL COACALCO",8,3,"Programación",-99.10121742026064,19.62155559561682,-,-,-
24,15,805036,"CENTRO DE BACHILLERATO TECNOLÓGICO GABRIEL V. ALCOCER",8,3,"Técnico en administración",-99.179595,19.672171,59,61,58
24,15,805039,"CENTRO DE BACHILLERATO TECNOLÓGICO GABRIEL V. ALCOCER",8,3,"Técnico en contabilidad",-99.1796486441803,19.672130589440645,41,38,40
24,15,805046,"CENTRO DE BACHILLERATO TECNOLÓGICO GABRIEL V. ALCOCER",8,3,"Técnico en informática",-99.179595,19.672181102638262,60,57,58
24,15,805071,"CENTRO DE BACHILLERATO TECNOLÓGICO GABRIEL V. ALCOCER",8,3,"Técnico en mercadotecnia",-99.17967751815286,19.672141419939827,53,50,60
24,15,805076,"CENTRO DE BACHILLERATO TECNOLÓGICO GABRIEL V. ALCOCER",8,3,"Técnico en mecatrónica",-99.179595,19.672171,74,75,81
121,15,806021,"COLEGIO DE ESTUDIOS CIENTÍFICOS Y TECNOLÓGICOS DEL ESTADO DE MÉXICO PLANTEL CUAUTITLÁN IZCALLI",8,3,"Laboratorista químico",-99.219603,19.627612,35,31,44
121,15,806087,"COLEGIO DE ESTUDIOS CIENTÍFICOS Y TECNOLÓGICOS DEL ESTADO DE MÉXICO PLANTEL CUAUTITLÁN IZCALLI",8,3,"Programación",-99.21958923339844,19.627470487351633,-,-,-
121,15,806090,"COLEGIO DE ESTUDIOS CIENTÍFICOS Y TECNOLÓGICOS DEL ESTADO DE MÉXICO PLANTEL CUAUTITLÁN IZCALLI",8,3,"Técnico en procesos de gestión administrativa",-99.21962141990662,19.627440170989004,-,-,-
25,15,807044,"CENTRO DE BACHILLERATO TECNOLÓGICO NÚM. 2 ÁNGEL MARÍA GARIBAY KINTANA",8,3,"Enfermería general",-98.81826233112616,19.228742640244246,50,51,56
25,15,808039,"CENTRO DE BACHILLERATO TECNOLÓGICO NÚM. 3 SR. MAX SHEIN HEISLER",8,3,"Técnico en contabilidad",-98.93088966608047,19.20990568476274,31,31,31
25,15,808046,"CENTRO DE BACHILLERATO TECNOLÓGICO NÚM. 3 SR. MAX SHEIN HEISLER",8,3,"Técnico en informática",-98.93102377653122,19.209913283349394,38,38,36
25,15,808066,"CENTRO DE BACHILLERATO TECNOLÓGICO NÚM. 3 SR. MAX SHEIN HEISLER",8,3,"Técnico en diseño asistido por computadora",-98.93085479736328,19.209946210554136,53,55,54
29,15,809027,"COLEGIO DE ESTUDIOS CIENTÍFICOS Y TECNOLÓGICOS DEL ESTADO DE MÉXICO PLANTEL CHICOLOAPAN",8,3,"Producción industrial",-98.89908927921056,19.407521710263353,32,31,31
29,15,809088,"COLEGIO DE ESTUDIOS CIENTÍFICOS Y TECNOLÓGICOS DEL ESTADO DE MÉXICO PLANTEL CHICOLOAPAN",8,3,"Soporte y mantenimiento de equipo de cómputo",-98.89883995056152,19.408032965334204,-,-,-
29,15,809090,"COLEGIO DE ESTUDIOS CIENTÍFICOS Y TECNOLÓGICOS DEL ESTADO DE MÉXICO PLANTEL CHICOLOAPAN",8,3,"Técnico en procesos de gestión administrativa",-98.89841079711914,19.407911535110536,-,-,-
31,15,810016,"COLEGIO DE ESTUDIOS CIENTÍFICOS Y TECNOLÓGICOS DEL ESTADO DE MÉXICO PLANTEL CHIMALHUACÁN",8,3,"Electrónica",-98.942624,19.443507,31,32,40
31,15,810085,"COLEGIO DE ESTUDIOS CIENTÍFICOS Y TECNOLÓGICOS DEL ESTADO DE MÉXICO PLANTEL CHIMALHUACÁN",8,3,"Desarrollo organizacional",-98.94247949123383,19.443719400245147,-,-,-
31,15,810087,"COLEGIO DE ESTUDIOS CIENTÍFICOS Y TECNOLÓGICOS DEL ESTADO DE MÉXICO PLANTEL CHIMALHUACÁN",8,3,"Programación",-98.94257605075836,19.443350130819944,-,-,-
31,15,811044,"CENTRO DE BACHILLERATO TECNOLÓGICO NÚM. 1 LIC. AGUSTÍN REYES PONCE",8,3,"Enfermería general",-98.98544125466498,19.429088332121136,49,49,50
31,15,811046,"CENTRO DE BACHILLERATO TECNOLÓGICO NÚM. 1 LIC. AGUSTÍN REYES PONCE",8,3,"Técnico en informática",-98.98545384407043,19.428958085945727,31,31,31
31,15,812036,"CENTRO DE BACHILLERATO TECNOLÓGICO NÚM. 2 ISAAC GUZMÁN VALDIVIA",8,3,"Técnico en administración",-98.966324,19.443709,36,31,33
31,15,812046,"CENTRO DE BACHILLERATO TECNOLÓGICO NÚM. 2 ISAAC GUZMÁN VALDIVIA",8,3,"Técnico en informática",-98.96647420370482,19.44372923391813,32,37,31
31,15,812053,"CENTRO DE BACHILLERATO TECNOLÓGICO NÚM. 2 ISAAC GUZMÁN VALDIVIA",8,3,"Técnico laboratorista químico",-98.96666732275389,19.443921456014504,50,32,51
31,15,812083,"CENTRO DE BACHILLERATO TECNOLÓGICO NÚM. 2 ISAAC GUZMÁN VALDIVIA",8,3,"Técnico en servicios bancarios",-98.9666136785736,19.443597713405218,-,-,34
33,15,813086,"COLEGIO DE ESTUDIOS CIENTÍFICOS Y TECNOLÓGICOS DEL ESTADO DE MÉXICO PLANTEL ECATEPEC",8,3,"Logística",-99.05524492263794,19.598000284398452,-,-,-
33,15,813087,"COLEGIO DE ESTUDIOS CIENTÍFICOS Y TECNOLÓGICOS DEL ESTADO DE MÉXICO PLANTEL ECATEPEC",8,3,"Programación",-99.05499815940857,19.598121572019643,-,-,-
33,15,813090,"COLEGIO DE ESTUDIOS CIENTÍFICOS Y TECNOLÓGICOS DEL ESTADO DE MÉXICO PLANTEL ECATEPEC",8,3,"Técnico en procesos de gestión administrativa",,,-,-,-
33,15,814036,"CENTRO DE BACHILLERATO TECNOLÓGICO JUAN GUTENBERG",8,3,"Técnico en administración",-98.996295,19.649145,31,31,31
33,15,814053,"CENTRO DE BACHILLERATO TECNOLÓGICO JUAN GUTENBERG",8,3,"Técnico laboratorista químico",-98.99629500000003,19.648902501675156,61,45,50
33,15,814071,"CENTRO DE BACHILLERATO TECNOLÓGICO JUAN GUTENBERG",8,3,"Técnico en mercadotecnia",-98.99631645767215,19.649225832693517,43,39,31
39,15,815036,"CENTRO DE BACHILLERATO TECNOLÓGICO NÚM. 1 DR. LEOPOLDO RÍO DE LA LOZA",8,3,"Técnico en administración",-98.9367775927339,19.317912843529047,34,38,34
39,15,815039,"CENTRO DE BACHILLERATO TECNOLÓGICO NÚM. 1 DR. LEOPOLDO RÍO DE LA LOZA",8,3,"Técnico en contabilidad",-98.93676834540491,19.31792513056996,31,33,31
39,15,815053,"CENTRO DE BACHILLERATO TECNOLÓGICO NÚM. 1 DR. LEOPOLDO RÍO DE LA LOZA",8,3,"Técnico laboratorista químico",-98.93672666809476,19.317917872862502,48,48,47
39,15,815084,"CENTRO DE BACHILLERATO TECNOLÓGICO NÚM. 1 DR. LEOPOLDO RÍO DE LA LOZA",8,3,"Técnico en electrónica",-98.93672637340069,19.31790143040028,-,-,44
39,15,816046,"CENTRO DE BACHILLERATO TECNOLÓGICO NÚM. 2 GUILLERMO GONZÁLEZ CAMARENA",8,3,"Técnico en informática",-98.90554824453943,19.297367264734955,33,31,31
39,15,816084,"CENTRO DE BACHILLERATO TECNOLÓGICO NÚM. 2 GUILLERMO GONZÁLEZ CAMARENA",8,3,"Técnico en electrónica",-98.9055636185243,19.29732466887921,-,-,34
39,15,817015,"COLEGIO DE ESTUDIOS CIENTÍFICOS  Y TECNOLÓGICOS DEL ESTADO DE MÉXICO PLANTEL IXTAPALUCA",8,3,"Electricidad",-98.87784402818318,19.323196956125596,31,33,31
39,15,817090,"COLEGIO DE ESTUDIOS CIENTÍFICOS  Y TECNOLÓGICOS DEL ESTADO DE MÉXICO PLANTEL IXTAPALUCA",8,3,"Técnico en procesos de gestión administrativa",,,-,-,-
57,15,818038,"CENTRO DE BACHILLERATO TECNOLÓGICO NÚM. 1 MIGUEL DE CERVANTES SAAVEDRA",8,3,"Técnico en edificación",-99.27393267261755,19.440189840387642,37,32,31
57,15,818046,"CENTRO DE BACHILLERATO TECNOLÓGICO NÚM. 1 MIGUEL DE CERVANTES SAAVEDRA",8,3,"Técnico en informática",-99.27391717754483,19.44021395344826,-,45,45
57,15,819054,"CENTRO DE BACHILLERATO TECNOLÓGICO NÚM. 2  ING. GUILLERMO GONZÁLEZ CAMARENA",8,3,"Técnico en manufactura del vestido",-99.25180024915755,19.46512985412745,49,46,48
57,15,819076,"CENTRO DE BACHILLERATO TECNOLÓGICO NÚM. 2  ING. GUILLERMO GONZÁLEZ CAMARENA",8,3,"Técnico en mecatrónica",-99.25181192810521,19.465139545847002,53,52,54
58,15,820036,"CENTRO DE BACHILLERATO TECNOLÓGICO NÚM. 1 REFUGIO ESTÉVES REYES",8,3,"Técnico en administración",-98.980905,19.391082,31,31,31
58,15,820044,"CENTRO DE BACHILLERATO TECNOLÓGICO NÚM. 1 REFUGIO ESTÉVES REYES",8,3,"Enfermería general",-98.980905,19.391082,53,53,56
58,15,821036,"CENTRO DE BACHILLERATO TECNOLÓGICO NÚM. 2 DR. MAXIMILIANO RUIZ CASTAÑEDA",8,3,"Técnico en administración",-99.02169501937533,19.403584522172565,32,32,36
58,15,821046,"CENTRO DE BACHILLERATO TECNOLÓGICO NÚM. 2 DR. MAXIMILIANO RUIZ CASTAÑEDA",8,3,"Técnico en informática",-99.02169501937533,19.403584522172565,44,36,44
58,15,821083,"CENTRO DE BACHILLERATO TECNOLÓGICO NÚM. 2 DR. MAXIMILIANO RUIZ CASTAÑEDA",8,3,"Técnico en servicios bancarios",-99.02169501937533,19.403584522172565,-,-,32
58,15,822055,"COLEGIO DE ESTUDIOS CIENTÍFICOS Y TECNOLÓGICOS DEL ESTADO DE MÉXICO PLANTEL NEZAHUALCÓYOTL",8,3,"Técnico en trabajo social",-99.053341,19.488774,44,51,46
58,15,822090,"COLEGIO DE ESTUDIOS CIENTÍFICOS Y TECNOLÓGICOS DEL ESTADO DE MÉXICO PLANTEL NEZAHUALCÓYOTL",8,3,"Técnico en procesos de gestión administrativa",-99.05335128307343,19.48875890537486,-,-,-
60,15,823067,"COLEGIO DE ESTUDIOS CIENTÍFICOS Y TECNOLÓGICOS DEL ESTADO DE MÉXICO PLANTEL NICOLÁS ROMERO I",8,3,"Técnico en mantenimiento de equipo y sistemas",-99.2752689091185,19.603557616554536,47,45,50
60,15,823087,"COLEGIO DE ESTUDIOS CIENTÍFICOS Y TECNOLÓGICOS DEL ESTADO DE MÉXICO PLANTEL NICOLÁS ROMERO I",8,3,"Programación",-99.27511566973357,19.602953034247065,-,-,-
70,15,824022,"COLEGIO DE ESTUDIOS CIENTÍFICOS Y TECNOLÓGICOS DEL ESTADO DE MÉXICO PLANTEL LA PAZ",8,3,"Mantenimiento industrial",-98.94933537301637,19.374114661875527,31,32,31
70,15,824087,"COLEGIO DE ESTUDIOS CIENTÍFICOS Y TECNOLÓGICOS DEL ESTADO DE MÉXICO PLANTEL LA PAZ",8,3,"Programación",-98.94875049591064,19.374676724546635,-,-,-
70,15,825036,"CENTRO DE BACHILLERATO TECNOLÓGICO ALBERT EINSTEIN",8,3,"Técnico en administración",-98.965091,19.35584,44,39,42
70,15,825046,"CENTRO DE BACHILLERATO TECNOLÓGICO ALBERT EINSTEIN",8,3,"Técnico en informática",-98.965091,19.35584,49,57,53
81,15,826025,"COLEGIO DE ESTUDIOS CIENTÍFICOS Y TECNOLÓGICOS DEL ESTADO DE MÉXICO PLANTEL TECÁMAC",8,3,"Máquinas - herramienta",-98.971399,19.724115,47,43,47
81,15,826087,"COLEGIO DE ESTUDIOS CIENTÍFICOS Y TECNOLÓGICOS DEL ESTADO DE MÉXICO PLANTEL TECÁMAC",8,3,"Programación",-98.971399,19.724115,-,-,-
81,15,826091,"COLEGIO DE ESTUDIOS CIENTÍFICOS Y TECNOLÓGICOS DEL ESTADO DE MÉXICO PLANTEL TECÁMAC",8,3,"Técnico en ventas",-98.97132396697998,19.724110130845105,-,-,-
81,15,827036,"CENTRO DE BACHILLERATO TECNOLÓGICO NÚM. 1 DR. JORGE JIMÉNEZ CANTÚ",8,3,"Técnico en administración",-99.03741320370483,19.675342868530734,51,52,60
81,15,827046,"CENTRO DE BACHILLERATO TECNOLÓGICO NÚM. 1 DR. JORGE JIMÉNEZ CANTÚ",8,3,"Técnico en informática",-99.03702696560669,19.67554491717552,55,49,52
81,15,827066,"CENTRO DE BACHILLERATO TECNOLÓGICO NÚM. 1 DR. JORGE JIMÉNEZ CANTÚ",8,3,"Técnico en diseño asistido por computadora",-99.03756340740966,19.675585326873907,52,49,50
81,15,827071,"CENTRO DE BACHILLERATO TECNOLÓGICO NÚM. 1 DR. JORGE JIMÉNEZ CANTÚ",8,3,"Técnico en mercadotecnia",-99.03728445767211,19.6748983606154,56,54,54
81,15,827077,"CENTRO DE BACHILLERATO TECNOLÓGICO NÚM. 1 DR. JORGE JIMÉNEZ CANTÚ",8,3,"Técnico en manufactura asistida por computadora",-99.03623303173828,19.674736721067745,33,31,32
81,15,827083,"CENTRO DE BACHILLERATO TECNOLÓGICO NÚM. 1 DR. JORGE JIMÉNEZ CANTÚ",8,3,"Técnico en servicios bancarios",-99.03764923809814,19.674938770476835,-,-,34
81,15,828035,"CENTRO DE BACHILLERATO TECNOLÓGICO NÚM. 2 LIC. CARLOS PICHARDO",8,3,"Técnico en instrumentación dental",-98.97208839654922,19.743782473496502,52,49,51
81,15,828039,"CENTRO DE BACHILLERATO TECNOLÓGICO NÚM. 2 LIC. CARLOS PICHARDO",8,3,"Técnico en contabilidad",-98.97208839654922,19.743782473496502,38,48,54
81,15,828046,"CENTRO DE BACHILLERATO TECNOLÓGICO NÚM. 2 LIC. CARLOS PICHARDO",8,3,"Técnico en informática",-98.97208839654922,19.743782473496502,64,64,65
81,15,828066,"CENTRO DE BACHILLERATO TECNOLÓGICO NÚM. 2 LIC. CARLOS PICHARDO",8,3,"Técnico en diseño asistido por computadora",-98.97208839654922,19.743782473496502,66,60,60
81,15,828077,"CENTRO DE BACHILLERATO TECNOLÓGICO NÚM. 2 LIC. CARLOS PICHARDO",8,3,"Técnico en manufactura asistida por computadora",-98.97208839654922,19.743782473496502,45,39,43
81,15,828079,"CENTRO DE BACHILLERATO TECNOLÓGICO NÚM. 2 LIC. CARLOS PICHARDO",8,3,"Técnico en biotecnología en alimentos",-98.97208839654922,19.743782473496502,-,-,60
99,15,829039,"CENTRO DE BACHILLERATO TECNOLÓGICO DR. EDUARDO SUÁREZ A.",8,3,"Técnico en contabilidad",-98.900868,19.522319,31,33,32
99,15,829046,"CENTRO DE BACHILLERATO TECNOLÓGICO DR. EDUARDO SUÁREZ A.",8,3,"Técnico en informática",-98.90110403439331,19.522319000000003,43,40,40
99,15,829069,"CENTRO DE BACHILLERATO TECNOLÓGICO DR. EDUARDO SUÁREZ A.",8,3,"Técnico en turismo",-98.90061050793457,19.522319000000003,53,49,49
104,15,830036,"CENTRO DE BACHILLERATO TECNOLÓGICO LIC. ADOLFO LÓPEZ MATEOS",8,3,"Técnico en administración",-99.214134,19.524493,33,41,33
104,15,830046,"CENTRO DE BACHILLERATO TECNOLÓGICO LIC. ADOLFO LÓPEZ MATEOS",8,3,"Técnico en informática",-99.21401598280335,19.524493,-,-,40
104,15,830066,"CENTRO DE BACHILLERATO TECNOLÓGICO LIC. ADOLFO LÓPEZ MATEOS",8,3,"Técnico en diseño asistido por computadora",-99.21420910185242,19.524493,48,51,53
109,15,831015,"COLEGIO DE ESTUDIOS CIENTÍFICOS Y TECNOLÓGICOS DEL ESTADO DE MÉXICO PLANTEL TULTITLÁN",8,3,"Electricidad",-99.087228,19.673434,41,35,43
109,15,831087,"COLEGIO DE ESTUDIOS CIENTÍFICOS Y TECNOLÓGICOS DEL ESTADO DE MÉXICO PLANTEL TULTITLÁN",8,3,"Programación",-99.0871524810791,19.673969048070006,-,-,-
122,15,832020,"COLEGIO DE ESTUDIOS CIENTÍFICOS Y TECNOLÓGICOS  DEL ESTADO DE MÉXICO PLANTEL VALLE DE CHALCO SOLIDARIDAD I",8,3,"Laboratorio clínico",-98.950381,19.302942,67,69,72
122,15,832067,"COLEGIO DE ESTUDIOS CIENTÍFICOS Y TECNOLÓGICOS  DEL ESTADO DE MÉXICO PLANTEL VALLE DE CHALCO SOLIDARIDAD I",8,3,"Técnico en mantenimiento de equipo y sistemas",-98.950381,19.303144513946425,49,45,49
122,15,832085,"COLEGIO DE ESTUDIOS CIENTÍFICOS Y TECNOLÓGICOS  DEL ESTADO DE MÉXICO PLANTEL VALLE DE CHALCO SOLIDARIDAD I",8,3,"Desarrollo organizacional",-98.95016670227051,19.302516460677527,-,-,-
122,15,833046,"CENTRO DE BACHILLERATO TECNOLÓGICO JUAN DE DIOS BÁTIZ",8,3,"Técnico en informática",-98.946996,19.282846,31,31,31
33,15,834055,"COLEGIO DE ESTUDIOS CIENTÍFICOS Y TECNOLÓGICOS DEL ESTADO DE MÉXICO PLANTEL ECATEPEC II",8,3,"Técnico en trabajo social",-99.034699,19.506463,52,47,61
33,15,834087,"COLEGIO DE ESTUDIOS CIENTÍFICOS Y TECNOLÓGICOS DEL ESTADO DE MÉXICO PLANTEL ECATEPEC II",8,3,"Programación",-99.03488159179688,19.50630094519549,-,-,-
58,15,835088,"COLEGIO DE ESTUDIOS CIENTÍFICOS Y TECNOLÓGICOS DEL ESTADO DE MÉXICO PLANTEL NEZAHUALCÓYOTL II",8,3,"Soporte y mantenimiento de equipo de cómputo",-99.01256647819395,19.42055354728774,-,-,-
39,15,836009,"COLEGIO DE ESTUDIOS CIENTÍFICOS  Y TECNOLÓGICOS DEL ESTADO DE MÉXICO PLANTEL IXTAPALUCA II",8,3,"Construcción",-98.83225571724768,19.295417650202232,31,31,31
39,15,836087,"COLEGIO DE ESTUDIOS CIENTÍFICOS  Y TECNOLÓGICOS DEL ESTADO DE MÉXICO PLANTEL IXTAPALUCA II",8,3,"Programación",,,-,-,-
95,15,837009,"COLEGIO DE ESTUDIOS CIENTÍFICOS Y TECNOLÓGICOS DEL ESTADO DE MÉXICO PLANTEL TEPOTZOTLÁN",8,3,"Construcción",-99.203611111111,19.719847222222,31,31,31
95,15,837087,"COLEGIO DE ESTUDIOS CIENTÍFICOS Y TECNOLÓGICOS DEL ESTADO DE MÉXICO PLANTEL TEPOTZOTLÁN",8,3,"Programación",-99.2039680480957,19.72065611228155,-,-,-
108,15,838087,"COLEGIO DE ESTUDIOS CIENTÍFICOS Y TECNOLÓGICOS DEL ESTADO DE MÉXICO PLANTEL TULTEPEC",8,3,"Programación",-99.1082239151001,19.663664141085913,-,-,-
60,15,840060,"COLEGIO DE ESTUDIOS CIENTÍFICOS Y TECNOLÓGICOS DEL ESTADO DE MÉXICO PLANTEL NICOLÁS ROMERO II",8,3,"Mecatrónica",-99.34547066688538,19.613544569386583,59,56,61
60,15,840087,"COLEGIO DE ESTUDIOS CIENTÍFICOS Y TECNOLÓGICOS DEL ESTADO DE MÉXICO PLANTEL NICOLÁS ROMERO II",8,3,"Programación",-99.34696197509766,19.61340308071984,-,-,-
60,15,840091,"COLEGIO DE ESTUDIOS CIENTÍFICOS Y TECNOLÓGICOS DEL ESTADO DE MÉXICO PLANTEL NICOLÁS ROMERO II",8,3,"Técnico en ventas",-99.34606075286865,19.613605207348495,-,-,-
24,15,841046,"CENTRO DE BACHILLERATO TECNOLÓGICO NÚM. 2",8,3,"Técnico en informática",-99.14580971002579,19.683985388729585,54,55,53
24,15,841066,"CENTRO DE BACHILLERATO TECNOLÓGICO NÚM. 2",8,3,"Técnico en diseño asistido por computadora",-99.14553133455945,19.683914903433163,54,52,53
25,15,842013,"COLEGIO DE ESTUDIOS CIENTÍFICOS Y TECNOLÓGICOS DEL ESTADO DE MÉXICO PLANTEL CHALCO",8,3,"Diseño gráfico digital",-98.904977,19.246664,76,77,79
25,15,842024,"COLEGIO DE ESTUDIOS CIENTÍFICOS Y TECNOLÓGICOS DEL ESTADO DE MÉXICO PLANTEL CHALCO",8,3,"Técnico en máquinas de combustión interna",-98.90495554232797,19.246653870817447,59,51,50
122,15,843013,"COLEGIO DE ESTUDIOS CIENTÍFICOS Y TECNOLÓGICOS  DEL ESTADO DE MÉXICO PLANTEL VALLE DE CHALCO SOLIDARIDAD II",8,3,"Diseño gráfico digital",-98.917127,19.288446,73,73,67
122,15,843015,"COLEGIO DE ESTUDIOS CIENTÍFICOS Y TECNOLÓGICOS  DEL ESTADO DE MÉXICO PLANTEL VALLE DE CHALCO SOLIDARIDAD II",8,3,"Electricidad",-98.91725574603277,19.288567519161536,48,42,42
81,15,844046,"CENTRO DE BACHILLERATO TECNOLÓGICO NÚM. 3",8,3,"Técnico en informática",-98.99941736972812,19.684586755679476,58,50,56
81,15,844070,"CENTRO DE BACHILLERATO TECNOLÓGICO NÚM. 3",8,3,"Técnico en gastronomía",-99.00042057037354,19.68546530930653,71,69,69
81,15,844076,"CENTRO DE BACHILLERATO TECNOLÓGICO NÚM. 3",8,3,"Técnico en mecatrónica",-98.99990558624268,19.68534408765743,49,43,50
99,15,845036,"CENTRO DE BACHILLERATO TECNOLÓGICO NÚM. 2",8,3,"Técnico en administración",-98.90485883068845,19.490463087684212,31,34,31
99,15,845046,"CENTRO DE BACHILLERATO TECNOLÓGICO NÚM. 2",8,3,"Técnico en informática",-98.90492320370481,19.49056422807263,45,40,40
99,15,845070,"CENTRO DE BACHILLERATO TECNOLÓGICO NÚM. 2",8,3,"Técnico en gastronomía",-98.90485883068845,19.490281034825852,67,65,63
99,15,846069,"CENTRO DE BACHILLERATO TECNOLÓGICO NÚM. 3",8,3,"Técnico en turismo",-98.86077464417326,19.503009169305148,47,43,52
99,15,846071,"CENTRO DE BACHILLERATO TECNOLÓGICO NÚM. 3",8,3,"Técnico en mercadotecnia",-98.86079610184538,19.502817017290667,43,42,31
99,15,846082,"CENTRO DE BACHILLERATO TECNOLÓGICO NÚM. 3",8,3,"Técnico en comunicación",-98.86084974602568,19.50318109459834,-,-,32
99,15,847066,"CENTRO DE BACHILLERATO TECNOLÓGICO NÚM. 4",8,3,"Técnico en diseño asistido por computadora",-98.90250278303404,19.433061404613706,53,47,54
99,15,847069,"CENTRO DE BACHILLERATO TECNOLÓGICO NÚM. 4",8,3,"Técnico en turismo",-98.90306068250914,19.4318877560799,51,48,53
99,15,847070,"CENTRO DE BACHILLERATO TECNOLÓGICO NÚM. 4",8,3,"Técnico en gastronomía",-98.90396190473814,19.4325352873543,67,69,62
99,15,847082,"CENTRO DE BACHILLERATO TECNOLÓGICO NÚM. 4",8,3,"Técnico en comunicación",-98.90253067016602,19.432843304948143,-,-,-
109,15,848046,"CENTRO DE BACHILLERATO TECNOLÓGICO",8,3,"Técnico en informática",-99.16970142593385,19.612140558297803,37,38,42
109,15,848069,"CENTRO DE BACHILLERATO TECNOLÓGICO",8,3,"Técnico en turismo",-99.17045244445802,19.612170877546365,-,66,66
109,15,848076,"CENTRO DE BACHILLERATO TECNOLÓGICO",8,3,"Técnico en mecatrónica",-99.17111763229371,19.61227194166695,-,58,61
99,15,849067,"COLEGIO DE ESTUDIOS CIENTÍFICOS Y TECNOLÓGICOS DEL ESTADO DE MÉXICO PLANTEL TEXCOCO",8,3,"Técnico en mantenimiento de equipo y sistemas",-98.83455276489258,19.480207167027796,-,39,45
81,15,850046,"CENTRO DE BACHILLERATO TECNOLÓGICO NÚM. 4",8,3,"Técnico en informática",-99.027463,19.631972,-,48,55
81,15,850066,"CENTRO DE BACHILLERATO TECNOLÓGICO NÚM. 4",8,3,"Técnico en diseño asistido por computadora",-99.02684072750856,19.632396416583106,-,43,46
81,15,850079,"CENTRO DE BACHILLERATO TECNOLÓGICO NÚM. 4",8,3,"Técnico en biotecnología en alimentos",-99.02575711506654,19.632244839360737,-,55,44
24,15,851089,"COLEGIO DE ESTUDIOS CIENTÍFICOS Y TECNOLÓGICOS  DEL ESTADO DE MÉXICO PLANTEL CUAUTITLÁN",8,3,"Técnico programador de software",-99.155393242836,19.673170946590208,-,-,-
31,15,852089,"COLEGIO DE ESTUDIOS CIENTÍFICOS Y TECNOLÓGICOS DEL ESTADO DE MÉXICO PLANTEL CHIMALHUACÁN II",8,3,"Técnico programador de software",-98.97364139556885,19.444033025672525,-,-,-
60,15,853089,"COLEGIO DE ESTUDIOS CIENTÍFICOS Y TECNOLÓGICOS DEL ESTADO DE MÉXICO PLANTEL NICOLÁS ROMERO III",8,3,"Técnico programador de software",-99.29945468902588,19.634200578244336,-,-,-
99,15,854070,"CENTRO DE BACHILLERATO TECNOLÓGICO NÚM. 5",8,3,"Técnico en gastronomía",-98.80640864046194,19.54287603901934,-,-,59
99,15,854076,"CENTRO DE BACHILLERATO TECNOLÓGICO NÚM. 5",8,3,"Técnico en mecatrónica",-98.8067734208878,19.543041181399076,-,-,38
99,15,854081,"CENTRO DE BACHILLERATO TECNOLÓGICO NÚM. 5",8,3,"Técnico en puericultura",-98.80645334394546,19.542510366003647,-,-,53
13,15,855046,"CENTRO DE BACHILLERATO TECNOLÓGICO",8,3,"Técnico en informática",-99.2291808128357,19.544867524285714,-,-,-
25,15,856046,"CENTRO DE BACHILLERATO TECNOLÓGICO NÚM. 4",8,3,"Técnico en informática",-98.95782709121704,19.204733498665927,-,-,-
37,15,857087,"COLEGIO DE ESTUDIOS CIENTÍFICOS Y TECNOLÓGICOS DEL ESTADO DE MÉXICO PLANTEL HUIXQUILUCAN",8,3,"Programación",-99.35206632076643,19.359839621680266,-,-,-
29,15,870000,"COLEGIO DE BACHILLERES DEL ESTADO DE MÉXICO PLANTEL 22 CHICOLOAPAN",8,2,"",-98.89021933078766,19.41208058757082,31,31,32
31,15,871000,"COLEGIO DE BACHILLERES DEL ESTADO DE MÉXICO PLANTEL 24 CHIMALHUACÁN NORTE",8,2,"",-98.96399320370483,19.445897426166614,33,31,32
33,15,872000,"COLEGIO DE BACHILLERES DEL ESTADO DE MÉXICO PLANTEL 23 ECATEPEC LA CAÑADA",8,2,"",-99.08673931957395,19.5673441771729,31,31,32
99,15,873000,"COLEGIO DE BACHILLERES DEL ESTADO DE MÉXICO PLANTEL 43 TEXCOCO",8,2,"",-98.870091666667,19.451055555556,44,31,31
109,15,874000,"COLEGIO DE BACHILLERES DEL ESTADO DE MÉXICO PLANTEL 25 TULTITLÁN",8,2,"",-99.14964783068854,19.601810219347865,36,31,31
2,15,875000,"PREPARATORIA OFICIAL NÚM. 187",8,2,"",-98.97603392601013,19.606960161310397,46,38,40
20,15,876000,"PREPARATORIA OFICIAL NÚM. 170",8,2,"",-99.09393109755325,19.61306867522997,48,45,45
58,15,877000,"PREPARATORIA OFICIAL NÚM. 168",8,2,"",-99.009889,19.384914,50,45,38
2,15,878000,"PREPARATORIA OFICIAL NÚM. 183",8,2,"",-98.97251909120234,19.605119597703602,42,36,37
108,15,879000,"PREPARATORIA OFICIAL NÚM. 181",8,2,"",-99.11995475633285,19.683368046664366,38,31,31
29,15,880000,"COLEGIO DE BACHILLERES DEL ESTADO DE MÉXICO PLANTEL 31 CHICOLOAPAN",8,2,"",-98.8852550144075,19.422741919179273,32,31,31
58,15,881000,"COLEGIO DE BACHILLERES DEL ESTADO DE MÉXICO PLANTEL 30 NEZAHUALCÓYOTL",8,2,"",-98.983344444444,19.397180555556,38,31,31
2,15,882000,"COLEGIO DE BACHILLERES DEL ESTADO DE MÉXICO PLANTEL 39 ACOLMAN",8,2,"",-98.87358426738626,19.643987047950088,31,31,31
13,15,883000,"PREPARATORIA OFICIAL NÚM. 210",8,2,"",-99.21936196793251,19.594969445674113,31,31,31
57,15,884000,"COLEGIO DE BACHILLERES DEL ESTADO DE MÉXICO PLANTEL 37 CHIMALPA NAUCALPAN",8,2,"",-99.345143,19.440659,48,51,51
81,15,885000,"PREPARATORIA OFICIAL NÚM. 179",8,2,"",-98.997135,19.65544,42,31,31
81,15,886000,"COLEGIO DE BACHILLERES DEL ESTADO DE MÉXICO PLANTEL 35 TECÁMAC",8,2,"",-99.03957009315491,19.63522623550172,31,31,31
121,15,887000,"PREPARATORIA OFICIAL NÚM. 241",8,2,"",-99.261855555556,19.671747222222,31,32,31
31,15,888000,"PREPARATORIA OFICIAL NÚM. 213",8,2,"",-98.93692130423682,19.410148809918162,31,31,34
31,15,889000,"PREPARATORIA OFICIAL NÚM. 214",8,2,"",-98.90356063842773,19.39920879968544,32,31,31
33,15,890000,"PREPARATORIA OFICIAL NÚM. 211",8,2,"",-99.06529939084317,19.63639941084867,37,31,31
33,15,891000,"PREPARATORIA OFICIAL NÚM. 212",8,2,"",-98.99075388908386,19.63942479371266,31,31,32
39,15,892000,"PREPARATORIA OFICIAL NÚM. 217",8,2,"",-98.85960191488266,19.35327898628211,31,31,33
24,15,893000,"PREPARATORIA OFICIAL NÚM. 223",8,2,"",-99.16398848898427,19.688236700292435,-,42,41
121,15,894000,"PREPARATORIA OFICIAL NÚM. 272",8,2,"",-99.26010131835938,19.643153385131303,-,65,31
31,15,895000,"PREPARATORIA OFICIAL NÚM. 222",8,2,"",-98.942842,19.406897,-,31,31
31,15,896000,"PREPARATORIA OFICIAL NÚM. 224",8,2,"",-98.9163064956665,19.38799575203227,-,31,33
31,15,897000,"PREPARATORIA OFICIAL NÚM. 225",8,2,"",-98.97746045767212,19.38113392468021,-,31,31
31,15,898000,"PREPARATORIA OFICIAL NÚM. 226",8,2,"",-98.96642062698368,19.43250900000001,-,31,31
31,15,899000,"PREPARATORIA OFICIAL NÚM. 227",8,2,"",-98.97138125425329,19.397860307214813,-,33,32
29,15,949000,"MÓDULO ADSCRITO A LA PREPARATORIA OFICIAL NÚM. 265",8,2,"",-98.91685366630554,19.40811391876628,-,-,-
31,15,950000,"PREPARATORIA OFICIAL NÚM. 284",8,2,"",,,-,-,-
33,15,951000,"PREPARATORIA OFICIAL NÚM. 282",8,2,"",-99.04741287231445,19.622862334583317,-,-,-
39,15,952000,"MODULO ADSCRITO A LA PREPARATORIA OFICIAL NÚM. 124",8,2,"",-98.87613773345947,19.31565913004043,-,-,-
58,15,953000,"PREPARATORIA OFICIAL NÚM. 288",8,2,"",-99.00103108221458,19.41034373123138,-,-,-
58,15,954000,"MÓDULO ADSCRITO A LA PREPARATORIA OFICIAL NÚM. 121",8,2,"",-99.0461772958447,19.424789131159873,-,-,-
60,15,955000,"MÓDULO AZOTLAN, ADSCRITO A LA PREPARATORIA OFICIAL NÚM. 262",8,2,"",-99.3055272102356,19.636363040078965,-,-,-
99,15,956000,"PREPARATORIA OFICIAL NÚM. 293",8,2,"",,,-,-,-
108,15,957000,"MÓDULO ADSCRITO A LA PREPARATORIA OFICIAL NÚM. 181",8,2,"",-99.12114143371582,19.68120229285964,-,-,-
109,15,958000,"MÓDULO ADSCRITO A LA PREPARATORIA OFICIAL NÚM. 221",8,2,"",,,-,-,-
58,15,959000,"PREPARATORIA OFICIAL NÚM. 295",8,2,"",-99.03732843697071,19.473631225535883,-,-,-
109,15,960000,"PREPARATORIA OFICIAL NÚM. 296",8,2,"",-99.18192028999329,19.594573871333203,-,-,-
99,15,901000,"PLANTEL TEXCOCO DE LA ESCUELA PREPARATORIA",9,2,"",-98.88411459600832,19.502650669343396,81,83,83
